EXPORT_SITE_ID,STORAGE_TYPE_ID,STORAGE_ID,DATE_TIME,PRODUCT_NAME,GROSS_VOLUME,NET_VOLUME,ULLAGE,PRODUCT_LEVEL,TEMPERATURE,WATER_LEVEL,GROSS_WATER_VOLUME
10,100,1,2019/11/27 6:30:22,Platinum,12118.2,12120.3,11794.2,114.013,14.8622,0,0
10,100,2,2019/11/27 6:30:22,Silver,39035.2,39266.4,8733.67,169.983,10.3074,0,0
10,100,3,2019/11/27 6:30:22,Diesel,27587.7,27835.1,6370.09,168.975,6.95655,0,0
100,100,1,2019/11/27 6:29:46,Regular,9882.437228,9957.882743,66476.66277,54.96357896,8.94189831,0,0
100,100,2,2019/11/27 6:29:46,Super,7600.442338,7649.005543,17577.40766,99.19070111,9.90388566,0,0
100,100,3,2019/11/27 6:29:46,Diesel,60833.67769,61138.00894,34626.12231,176.2281347,8.867859237,0,0
100,100,4,2019/11/27 6:29:46,Def,16364.05341,16344.19478,7460.046594,150.8522547,16.35868821,0,0
107,100,1,2019/11/27 5:30:14,Regular,57492.37188,58060.8489,37755.57812,168.325609,7.14802867,0,0
107,100,2,2019/11/27 5:30:14,Supreme,7952.147221,7984.45588,11165.65278,126.0117563,11.36111005,0,0
107,100,3,2019/11/27 5:30:14,Diesel,11907.78769,11950.72468,27007.06231,101.4158676,10.58202433,0,0
115,100,1,2019/11/27 5:38:21,Silver,28343.7,28592.5,19160.1,135.02,8.03941,0,0
115,100,2,2019/11/27 5:38:21,Silver,17925.5,18103.1,11229,138.041,7.14105,0,0
115,100,3,2019/11/27 5:38:21,Platinum,10180.3,10239.9,9051.53,122.96,9.75384,0,0
115,100,4,2019/11/27 5:38:21,Diesel,8322.93,8350.05,10908.9,105.132,11.01,0,0
115,101,1,2019/11/27 5:38:21,Silver,46269.2,46695.6,30389.1,,,,0
12,100,1,2019/11/27 5:29:59,Silver,19777.3,19869.8,27991.6,97.7742,11.2937,0,0
12,100,2,2019/11/27 5:29:59,Silver,7659.04,7711.54,10906.8,97.7275,9.56653,0,0
12,100,3,2019/11/27 5:29:59,Platinum,12387.4,12389.2,14835.8,104.995,14.8875,0,0
12,101,1,2019/11/27 5:29:59,Silver,27436.34,27581.34,38898.4,,,,0
127,100,1,2019/11/27 5:30:34,Regular,29592.61099,29913.54143,41930.98901,125.7294688,6.385385166,0,0
127,100,2,2019/11/27 5:30:34,Regular,33141.74383,33511.77318,38381.85617,136.9074288,6.130208432,0,0
127,100,3,2019/11/27 5:30:34,Super,14047.23862,14174.12302,10846.56138,159.6922035,7.789784407,0,0
127,100,4,2019/11/27 5:30:34,Diesel,18514.37604,18608.2942,29202.22396,120.120579,8.781874093,0,0
130,100,1,2019/11/27 5:56:41,Regular,42955.34171,43372.05334,4567.872406,197.0576228,7.296843347,0,0
130,100,2,2019/11/27 5:56:41,Regular,29252.14395,29543.10446,4016.363567,191.5143071,7.101211823,0,0
130,100,3,2019/11/27 5:56:41,Super,13114.55691,13174.38553,20153.9506,98.58989262,11.36353175,0,0
130,100,4,2019/11/27 5:56:41,Diesel,7382.832635,7403.399496,25885.67488,64.8874206,11.58760859,0,0
131,100,1,2019/11/27 5:46:40,Silver,86379.3379,86894.37976,9080.462097,242.308938,10.27094398,0,0
131,100,2,2019/11/27 5:46:40,Platinum,17410.22474,17498.26062,7767.625256,189.1028131,10.46948825,0,0
131,100,3,2019/11/27 5:46:40,Diesel,9013.307276,9025.415816,29944.29272,83.47599461,13.3551363,0,0
144,100,1,2019/11/27 5:12:47,Regular,38931.53606,39238.28867,5194.063942,182.1271723,8.747015817,0,0
144,100,2,2019/11/27 5:12:47,Regular,17279.26448,17450.86825,4350.335521,166.1856526,7.113513394,0,0
144,100,3,2019/11/27 5:12:47,Super,18277.25233,18374.04834,3352.347666,175.24233,10.77750066,0,0
144,100,4,2019/11/27 5:12:47,Diesel,16913.18871,16988.20216,4716.411293,162.9561517,9.564402887,0,0
148,100,1,2019/11/27 5:59:35,Regular,19984.63978,20158.59586,14886.06022,125.5188894,8.090339327,0,0
148,100,2,2019/11/27 5:59:35,Regular,20624.66382,20818.57522,14246.03618,128.7240808,7.53507276,0,0
148,100,3,2019/11/27 5:59:35,Premium,8283.515852,8351.827089,17622.98415,80.88935876,7.604334291,0,0
148,100,4,2019/11/27 5:59:35,Diesel,12592.28611,12652.40659,9037.313892,127.0630333,9.148100094,0,0
15,100,1,2019/11/27 6:30:27,Regular,31716.93953,31963.8767,16051.91047,141.577555,8.821476299,0,0
15,100,2,2019/11/27 6:30:27,Regular,35310.72763,35547.43864,12192.12237,161.8625868,9.681930381,0,0
15,100,3,2019/11/27 6:30:27,Super,11039.79246,11085.71187,7520.357541,129.24151,11.27430822,0,0
15,100,4,2019/11/27 6:30:27,Diesel,17114.73685,17171.36984,10098.96315,135.2547268,10.94601401,0,0
151,100,1,2019/11/27 6:00:39,Regular,11029.518,11152.40371,12882.932,106.0650247,6.14891893,0,0
151,100,2,2019/11/27 6:00:39,Regular,10047.09466,10155.92751,13865.35534,98.86155932,6.395450864,0,0
151,100,3,2019/11/27 6:00:39,Super,17022.5854,17130.17953,6889.697803,150.1862302,9.334663876,0.0623765359,0.1668017984
153,100,1,2019/11/27 5:43:23,Regular,23624.20297,23844.59101,19701.97255,154.2418999,7.593211564,0,0
153,100,2,2019/11/27 5:43:23,Regular,22274.61423,22482.72811,21638.07469,148.0629712,7.581913406,0,0
153,100,3,2019/11/27 5:43:23,Super,17010.36538,16984.05023,6772.385368,160.7333811,16.38320656,0.0404268154,0.08739008161
153,100,4,2019/11/27 5:43:23,Diesel,13325.96436,13403.11984,6568.182004,185.2983764,7.901221494,0,0
154,100,1,2019/11/27 5:29:14,Diesel,8817.19,8848.23,4121.16,144.958,10.689,0,0
154,100,2,2019/11/27 5:29:14,Silver,18589.7,18758.5,24593.1,100.64,7.79695,0,0
154,100,3,2019/11/27 5:29:14,Platinum,14270.1,14346.3,7321.3,141.264,10.215,0,0
155,100,1,2019/11/27 5:31:02,Regular,71842.75406,72706.16025,23203.53986,202.4741838,5.45000048,0,0
155,100,2,2019/11/27 5:31:02,Super,11746.78389,11806.85836,7257.102772,170.6155963,10.92272912,0,0
155,100,3,2019/11/27 5:31:02,Diesel,25779.15587,25881.12081,11570.53233,187.0667712,10.15323853,0,0
16,100,1,2019/11/27 5:47:09,Silver.,53525.70088,53826.11469,41934.09912,158.917035,10.54905695,0,0
16,100,2,2019/11/27 5:47:09,Platinum.,10788.46781,10805.08254,14389.38219,128.898217,13.62165921,0,0
16,100,3,2019/11/27 5:47:09,Diesel.,8324.542127,8335.281441,30633.06742,79.00855897,13.42045683,0.0070337092,-0.009551047042
161,100,1,2019/11/27 5:41:44,Regular,83681.52692,84597.83384,11579.72308,234.6635939,6.301662014,0,0
161,100,2,2019/11/27 5:41:44,Super,17618.53689,17774.56515,7275.263115,192.7275678,7.055957613,0,0
161,100,3,2019/11/27 5:41:44,Diesel,22219.70625,22337.86769,16695.14375,160.9047165,8.480873481,0,0
167,100,1,2019/11/27 5:34:18,Silver,33123,33484.3,14489.3,156.943,6.34247,0,0
167,100,2,2019/11/27 5:34:18,Silver,23757.9,24005.1,9258.23,161.58,6.74638,0,0
167,100,3,2019/11/27 5:34:18,Diesel,8130.42,8167.2,24885.8,71.0329,9.45896,0,0
167,100,4,2019/11/27 5:34:18,Platinum,10368.1,10438.6,12102.2,105.651,8.90585,0,0
167,101,1,2019/11/27 5:34:18,Silver,56880.9,57489.4,23747.53,,,,0
169,100,1,2019/11/27 5:31:11,Regular,63527.29461,63848.22465,31720.65539,182.3410184,10.99439963,0,0
169,100,2,2019/11/27 5:31:11,Super,13452.75625,13524.91262,5665.043751,191.7704139,10.72342999,0,0
169,100,3,2019/11/27 5:31:11,Diesel,8093.879784,8116.718153,30820.97022,77.24747114,11.54357647,0,0
170,100,1,2019/11/27 6:27:58,Silver,30166,30361.6,17337.8,141.961,9.8625,0,0
170,100,2,2019/11/27 6:27:58,Platinum,22613.8,22709.9,1141.9,205.4,11.1936,0,0
170,100,3,2019/11/27 6:27:58,Diesel,25184.1,25339.8,3970.47,185.453,7.42274,0,0
170,100,4,2019/11/27 6:27:58,Diesel,16532.3,16623.6,2699.47,186.798,8.23697,0,0
170,101,1,2019/11/27 6:27:58,Diesel,41716.4,41963.4,6669.94,,,,0
176,100,1,2019/11/27 5:30:27,Silver,25788.8,26017.6,9070.53,155.611,7.96537,0,0
176,100,2,2019/11/27 5:30:27,Silver,12208.2,12335.8,9383,124.362,6.7063,0.072651,0.206958
176,100,3,2019/11/27 5:30:27,Platinum,7038.68,7067.7,14552.7,81.8195,11.3073,0,0
176,100,4,2019/11/27 5:30:27,Diesel,6992.71,7024.05,5945.64,119.981,9.51009,0,0
176,101,1,2019/11/27 5:30:27,Silver,37997,38353.4,18453.53,,,,0.206958
177,100,1,2019/11/27 5:29:56,Silver,22267.1,22512.7,25504,106.897,6.2479,0,0
177,100,2,2019/11/27 5:29:56,Silver,8715.36,8802.74,9850.49,107.546,7.04565,0,0
177,100,3,2019/11/27 5:29:56,Platinum,20704.6,20897.1,6469.11,159.024,7.58595,0,0
177,101,1,2019/11/27 5:29:56,Silver,30982.46,31315.44,35354.49,,,,0
183,100,1,2019/11/27 5:31:36,Silver,15888.8,16056.4,31882.3,83.1248,6.62989,0,0
183,100,2,2019/11/27 5:31:36,Silver,8145.96,8236.54,19027.8,77.1214,6.17516,0,0
183,100,3,2019/11/27 5:31:36,Platinum,14552,14622.8,4013.9,163.233,11.1214,0,0
183,101,1,2019/11/27 5:31:36,Silver,24034.76,24292.94,50910.1,,,,0
184,100,1,2019/11/27 5:27:42,Silver,21140.59564,21332.60175,17670.70436,125.6694236,7.789538454,0,0
184,100,2,2019/11/27 5:27:42,Silver,21042.66989,21265.94302,17768.63011,125.21977,6.572254988,0,0
184,100,3,2019/11/27 5:27:42,Platinum,13504.73171,13604.49708,5727.068289,155.1527862,8.37666722,0,0
184,100,4,2019/11/27 5:27:42,Diesel,17164.09709,17259.44038,2067.702914,194.0457953,8.189907794,0,0
186,100,1,2019/11/27 5:31:37,Diesel,11717.6,11797.2,11937.6,116.267,6.66806,0.119398,0.459139
186,100,2,2019/11/27 5:31:37,Platinum,9286.46,9343.6,14369.1,97.4048,9.48582,0,0
186,100,3,2019/11/27 5:31:37,Silver,50355.4,50951.8,16196.4,205.899,5.59791,0,0
189,100,1,2019/11/27 5:29:47,Regular,30920.76419,31252.9715,12213.98581,156.8767705,6.465988823,0,0
189,100,2,2019/11/27 5:29:47,Regular,31753.49076,32093.9892,11381.25924,160.5607694,6.482443422,0,0
189,100,3,2019/11/27 5:29:47,Super,15171.93925,15307.60973,4113.060746,171.4537754,6.978801913,0,0
189,100,4,2019/11/27 5:29:47,Diesel,17675.08688,17787.22177,1609.913119,199.3514727,7.220181575,0,0
19,100,1,2019/11/27 6:27:33,Silver,16231,16406.1,5686.66,141.543,6.43947,0,0
19,100,2,2019/11/27 6:27:33,Silver,18105.4,18273.8,3839.13,156.442,7.62117,0,0
19,100,3,2019/11/27 6:27:33,Silver,18325.6,18485.4,3618.92,158.266,8.08252,0,0
19,100,4,2019/11/27 6:27:33,Platinum,10052.7,10102.6,11945.1,96.0658,11.0454,0,0
19,101,1,2019/11/27 6:27:33,Silver,52662,53165.3,13144.71,,,,0
191,100,1,2019/11/27 5:39:42,Silver,18637.5,18678.7,28908.3,98.1752,13.2512,0,0
191,100,2,2019/11/27 5:39:42,Silver,10907.7,10953.3,18261,94.7847,11.6896,0,0
191,100,3,2019/11/27 5:39:42,Platinum,8823.38,8831.08,10682.6,109.395,14.2196,0,0
191,101,1,2019/11/27 5:39:42,Silver,29545.2,29632,47169.3,,,,0
192,100,1,2019/11/27 6:43:00,Silver,52339.02174,52858.51239,4934.12004,244.1210214,7.682619459,0,0
192,100,2,2019/11/27 6:43:00,Platinum,18631.90533,18772.1767,811.1192367,260.1661029,8.81220213,0,0
192,100,3,2019/11/27 6:43:00,Diesel,17361.38349,17465.82072,2081.154613,240.5037149,8.185041737,0.0704638952,0.4864634575
193,100,1,2019/11/27 6:38:22,Diesel,11531.1,11558.5,12224.6,115.247,12.0904,0,0
193,100,2,2019/11/27 6:38:22,Platinum,10048.8,10050.3,9183.02,121.702,14.8661,0,0
193,100,3,2019/11/27 6:38:22,Silver,12616.5,12661.6,16538.1,105.843,12.1691,0,0
193,100,4,2019/11/27 6:38:22,Silver,18760.1,18860,28743.7,99.1174,10.7817,0,0
193,101,1,2019/11/27 6:38:22,Silver,31376.6,31521.6,45281.8,,,,0
194,100,1,2019/11/27 5:34:28,Silver,15315.8,15395.5,32198.5,80.8012,10.8772,0.012429,0.063492
194,100,2,2019/11/27 5:34:28,Silver,15305.3,15315,32195.3,84.9202,14.5022,0,0
194,100,3,2019/11/27 5:34:28,Platinum,10712.3,10736.6,18456.4,93.5196,13.1918,0,0
194,100,4,2019/11/27 5:34:28,Diesel,10716.7,10744.5,8789.3,127.239,11.8188,0,0
194,101,1,2019/11/27 5:34:28,Silver,30621.1,30710.5,64393.8,,,,0.063492
196,100,1,2019/11/27 6:27:43,Silver,20503.7,20689,27000.1,105.368,7.83301,0,0
196,100,2,2019/11/27 6:27:43,Silver,12191.8,12285.7,16962.8,103.256,8.89267,0,0
196,100,3,2019/11/27 6:27:43,Diesel,13462.1,13558.7,15692.4,111.005,8.5697,0,0
196,100,4,2019/11/27 6:27:43,Platinum,12286,12344.7,6945.78,143.204,11.1967,0,0
196,101,1,2019/11/27 6:27:43,Silver,32695.5,32974.7,43962.9,,,,0
197,100,1,2019/11/27 5:30:25,Silver,21053.7,21284.3,31398.4,121.871,6.30422,0,0
197,100,2,2019/11/27 5:30:25,Silver,12008.2,12107.9,18606.2,119.783,8.41901,0,0
197,100,3,2019/11/27 5:30:25,Platinum,21113.4,21337.5,634.827,260.534,6.52989,0.436329,2.15197
197,100,4,2019/11/27 5:30:25,Diesel,18705.1,18874.9,4981.73,158.758,6.85331,0,0
197,101,1,2019/11/27 5:30:25,Silver,33061.9,33392.2,50004.6,,,,0
199,100,1,2019/11/27 5:32:46,Silver,19273.6,19418.1,28230.2,100.663,9.05532,0,0
199,100,2,2019/11/27 5:32:46,Silver,9779.01,9805.99,13976.7,102.283,12.8165,0,0
199,100,3,2019/11/27 5:32:46,Platinum,11659.5,11675.9,12203.6,115.455,13.8824,0,0
199,100,4,2019/11/27 5:32:46,Diesel,12326.9,12351.4,11428.8,121.102,13.2215,0,0
199,101,1,2019/11/27 5:32:46,Silver,29052.61,29224.09,42206.9,,,,0
200,100,1,2019/11/27 5:32:22,Regular,18587.97309,18785.49851,29169.56069,93.20898166,6.559484668,0,0
200,100,2,2019/11/27 5:32:22,Regular,10876.85751,10948.25445,16313.26292,95.14176014,9.792875999,0,0
200,100,3,2019/11/27 5:32:22,Super,9282.813812,9363.008727,9268.993023,112.8538335,8.104842214,0,0
200,100,4,2019/11/27 5:32:22,Diesel,9093.183543,9131.220197,18467.15034,82.47403806,9.873910028,0,0
201,100,1,2019/11/27 5:32:26,Regular,21634.76959,21788.59301,26484.75066,103.9313363,9.358870985,0,0
201,100,2,2019/11/27 5:32:26,Regular,22045.0066,22209.79261,26074.51366,105.4337562,9.068622018,0,0
201,100,3,2019/11/27 5:32:26,Super,11091.80742,11156.86935,12996.74709,105.8439144,10.32238437,0,0
201,100,4,2019/11/27 5:32:26,Diesel,11398.23175,11421.20673,12690.32275,108.0813673,12.53152093,0,0
21,100,1,2019/11/27 5:45:03,Silver.,48968.63684,49459.32312,46491.16316,148.2042015,7.04239846,0,0
21,100,2,2019/11/27 5:45:03,Platinum.,13527.57473,13598.61071,11650.27527,153.6860537,10.2948159,0,0
21,100,3,2019/11/27 5:45:03,Diesel.,11795.06215,11827.59919,27162.53785,100.857589,11.62100532,0,0
210,100,1,2019/11/27 5:32:21,Silver,24733.8,24927.1,8515.11,166.354,8.80399,0.093794,0.437661
210,100,2,2019/11/27 5:32:21,Silver,24227.7,24410.4,9021.64,163.356,9.02182,0,0
210,100,3,2019/11/27 5:32:21,Platinum,9793.23,9853.75,5129.33,149.396,9.4619,0,0
210,101,1,2019/11/27 5:32:21,Silver,48961.5,49337.5,17536.75,,,,0.437661
212,100,1,2019/11/27 5:43:42,Silver,8891.511106,8964.718144,38612.28889,57.99461646,8.465291684,0,0
212,100,2,2019/11/27 5:43:42,Silver,4476.771148,4514.745957,43027.02885,36.18006776,8.266920518,0,0
212,100,3,2019/11/27 5:43:42,Platinum,9068.414653,9041.926663,10163.38535,112.314202,17.61056532,0,0
212,100,4,2019/11/27 5:43:42,Diesel,2171.842256,2176.620654,26982.70774,31.41540051,12.3054246,0,0
216,100,1,2019/11/27 6:08:01,Regular,23912.86638,24103.54452,71546.13403,87.16748885,9.234505672,0.0718722347,0.7995935163
216,100,2,2019/11/27 6:08:01,Super,15263.33416,15357.60235,9913.699768,169.2128225,10.02559906,0.1123661417,0.816068776
216,100,3,2019/11/27 6:08:01,Diesel,18542.38405,18620.26954,20415.21595,139.8882561,10.41186901,0,0
218,100,1,2019/11/27 6:21:32,Reg,45563.20096,45950.34067,49432.27647,140.18325,8.255647695,0.0973460714,0.7225694532
218,100,2,2019/11/27 6:21:32,Super,18880.65424,19010.61577,4796.121634,202.8094825,8.829268462,0.1612150504,0.07412177244
218,100,3,2019/11/27 6:21:32,Diesel,24158.29257,24284.22251,12658.00743,171.8256424,8.610004589,0,0
21820,100,1,2019/11/27 5:37:00,REGULAR,22384.49023,22694.86133,27661.50977,137.5705933,0.8610450029,0,0
21820,100,2,2019/11/27 5:37:00,PREMIUM,14224.03027,14428.41992,10810.96973,138.465564,0.2795537412,0,0
21820,100,3,2019/11/27 5:37:00,REGULAR,22096.83008,22395.8457,27949.16797,136.2044312,1.257898569,0,0
21820,100,4,2019/11/27 5:37:00,COLOURED DIESEL,15912.14063,16101.39063,9122.859375,151.8388794,0.8584764004,0,0
21820,100,5,2019/11/27 5:37:00,CLEAR DIESEL,11559.39063,11695.65039,4174.609375,172.4848999,0.9025276899,0,0
21820,102,1,2019/11/27 5:37:00,REGULAR,44481.32031,45090.70703,55610.67773,,,,0
22,100,1,2019/11/27 5:41:22,Silver South,39317.64837,39697.67094,32183.95163,156.2638015,7.32516262,0,22
22,100,2,2019/11/27 5:41:22,Silver North,47427.0324,47871.88244,24074.5676,181.7992042,7.552754608,0,22
22,100,3,2019/11/27 5:41:22,Platinum,15759.05278,15857.81702,41431.99722,93.71920141,9.382734296,0,17
22,100,4,2019/11/27 5:41:22,Diesel,8832.361866,8865.454332,29310.48813,81.81870081,10.40914494,0,12
220,100,1,2019/11/27 5:45:33,Regular,30750.00894,31027.0665,64709.79106,104.6111256,7.847103951,0,0
220,100,2,2019/11/27 5:45:33,Super,12919.48575,13005.2948,12258.36425,148.1999034,9.046203983,0,0
220,100,3,2019/11/27 5:45:33,Diesel,7634.655302,7671.565361,31322.9447,74.36359554,9.074264256,0,0
225,100,1,2019/11/27 5:29:07,Silver,16744,16873.5,7038.8,158.559,8.87081,0,0
225,100,2,2019/11/27 5:29:07,Silver,11712.8,11826.4,12069.7,118.69,7.30347,0.097545,0.325131
225,100,3,2019/11/27 5:29:07,Silver,11409.4,11505.2,12373.5,116.303,8.34063,0,0
225,100,4,2019/11/27 5:29:07,Platinum,8443.31,8484.61,15339.5,92.6836,11.1039,0,0
225,101,1,2019/11/27 5:29:07,Silver,39866.2,40205.1,31482,,,,0.325131
23,100,1,2019/11/27 5:56:01,Silver North.,27286.28398,27570.40492,11447.11602,154.3837495,6.729927024,0,0
23,100,2,2019/11/27 5:56:01,Silver South.,27289.09723,27568.37501,11444.30277,154.3973008,6.872200046,0,0
23,100,3,2019/11/27 5:56:01,Platinum.,18881.08146,18999.12363,5009.518538,172.1894217,9.39644551,0,0
23,100,4,2019/11/27 5:56:01,Diesel.,17726.09615,17794.32398,6164.503845,162.631078,10.2836783,0,0
231,100,1,2019/11/27 5:30:05,Silver,20148,20263.1,27355.8,104.011,10.4748,0,0
231,100,2,2019/11/27 5:30:05,Silver,11993.8,11959,17160.7,102.039,17.298,0,0
231,100,3,2019/11/27 5:30:05,Platinum,10923.7,10865.3,8308.09,130.073,19.7749,0,0
231,100,4,2019/11/27 5:30:05,Diesel,11866,11905,11889.7,117.718,10.9666,0,0
231,101,1,2019/11/27 5:30:05,Silver,32141.8,32222.1,44516.5,,,,0
232,100,1,2019/11/27 6:29:54,Silver,30293.4,30435.5,17210.4,142.449,11.2866,0,0
232,100,2,2019/11/27 6:29:54,Silver,18329.1,18406,10825.4,140.509,11.6769,0,0
232,100,3,2019/11/27 6:29:54,Platinum,5724.61,5723.23,13507.2,79.4454,15.1915,0,0
232,100,4,2019/11/27 6:29:54,Diesel,9213.43,9223.74,14542.3,98.0367,13.9986,0,0
232,101,1,2019/11/27 6:29:54,Silver,48622.5,48841.5,28035.8,,,,0
233,100,1,2019/11/27 5:30:41,Silver,31540.6,31854.1,16176,181.563,7.11485,0,0
233,100,2,2019/11/27 5:30:41,Silver,31511.7,31829.7,16204.9,181.423,6.99324,0,0
233,100,3,2019/11/27 5:30:41,Platinum,12432.8,12499.1,7064.08,145.004,10.2214,0,0
233,100,4,2019/11/27 5:30:41,Diesel,13350.6,13400.7,6146.2,150.035,10.4078,0,0
233,101,1,2019/11/27 5:30:41,Silver,63052.3,63683.8,32380.9,,,,0
234,100,1,2019/11/27 5:33:13,Silver,16013.8,16096.4,31490,87.9715,10.9134,0,0
234,100,2,2019/11/27 5:33:13,Silver,7581.04,7629.29,21573.5,73.87,9.95637,0,0
234,100,3,2019/11/27 5:33:13,Platinum,12481.7,12527,6750.11,145.104,12.1102,0,0
234,100,4,2019/11/27 5:33:13,Diesel,8953.56,8994.08,14802.1,96.0724,10.9462,0,0
234,101,1,2019/11/27 5:33:13,Silver,23594.84,23725.69,53063.5,,,,0
235,100,1,2019/11/27 6:31:29,Silver,21892.6,22041.7,25611.2,110.649,9.6008,0,0
235,100,2,2019/11/27 6:31:29,Silver,13928.6,14058,15225.9,113.835,7.63038,0,0
235,100,3,2019/11/27 6:31:29,Platinum,9941.25,9966.72,9290.55,120.672,12.7062,0,0
235,100,4,2019/11/27 6:31:29,Diesel,9370.62,9399.74,14385.1,99.2218,11.1961,0,0
237,100,1,2019/11/27 5:33:29,Regular,57343.1761,57863.16064,37904.7739,167.9723783,7.801003938,0,0
237,100,2,2019/11/27 5:33:29,Super,11392.98788,11469.05647,7724.812117,166.9142702,9.674292252,0,0
237,100,3,2019/11/27 5:33:29,Diesel,29741.93938,29857.97761,17974.66062,172.4670369,10.21927132,0,0
238,100,1,2019/11/27 6:15:12,Regular,28078.75087,28285.60179,67169.19913,97.9150149,9.154650987,0,0
238,100,2,2019/11/27 6:15:12,Super,12649.51252,12700.85287,6468.287484,181.9837018,11.76524003,0,0
238,100,3,2019/11/27 6:15:12,Diesel,15192.80628,15238.72736,23722.0432,120.7469891,11.29729283,0.0039031487,0.000517925908
239,100,1,2019/11/27 6:32:17,Silver,13859.5,13986.7,16364.3,105.6,7.71864,0,0
239,100,2,2019/11/27 6:32:17,Silver,14354.4,14526.4,15869.4,108.483,5.48911,0,0
239,100,3,2019/11/27 6:32:17,Silver,14011.6,14116.1,16212.3,106.486,9.08697,0,0
239,100,4,2019/11/27 6:32:17,Platinum,26326.5,26484.9,3897.28,181.225,9.60901,0,0
239,101,1,2019/11/27 6:32:17,Silver,42225.5,42629.2,48446,,,,0
240,100,1,2019/11/27 6:31:13,Diesel,8919.38,8926.59,20235.2,83.0999,14.012,0,0
240,100,2,2019/11/27 6:31:13,Platinum,14873.6,14912.3,4358.19,168.515,12.6698,0,0
240,100,3,2019/11/27 6:31:13,Silver,62627,63057.5,32620.9,181.151,9.55233,0,0
241,100,1,2019/11/27 5:32:26,Silver,26380.9,26701.5,44934,114.663,5.35256,0,0
241,100,2,2019/11/27 5:32:26,Silver,10067.3,10182.5,14174.5,125.032,5.91169,0,0
241,100,3,2019/11/27 5:32:26,Platinum,12182.4,12290.5,12059.3,144.677,7.04087,0,0
241,100,4,2019/11/27 5:32:26,Diesel,11198.9,11270.3,12841.4,136.444,7.17992,0,0
241,101,1,2019/11/27 5:32:26,Silver,36448.2,36884,59108.5,,,,0
243,100,1,2019/11/27 5:34:34,Silver,23174.6,23294.3,24329.2,115.5,10.9107,0,0
243,100,2,2019/11/27 5:34:34,Silver,13643.6,13724.2,15511,112.107,10.3202,0,0
243,100,3,2019/11/27 5:34:34,Platinum,11399.2,11453.4,7832.65,134.635,10.7379,0,0
243,100,4,2019/11/27 5:34:34,Diesel,14203,14243.8,9552.68,134.905,11.4804,0,0
243,101,1,2019/11/27 5:34:34,Silver,36818.2,37018.5,39840.2,,,,0
246,100,1,2019/11/27 5:57:44,Silver West,16150.43263,16296.73692,12994.15245,127.328152,7.808244844,0.0426749901,9.964922825
246,100,2,2019/11/27 5:57:44,Silver Middle,17908.07942,18073.43356,15332.78065,124.6231174,7.66918887,0.0231795373,11.98993138
246,100,3,2019/11/27 5:57:44,Silver East,18599.06702,18780.31602,14641.78298,128.3046149,7.261784822,0,12
246,100,4,2019/11/27 5:57:44,Platinum,13985.16816,14060.45888,5254.240656,150.1852885,10.70751675,0.0196382675,-0.008817106517
246,100,5,2019/11/27 5:57:44,Diesel,12644.71143,12675.72813,6961.388572,137.022081,11.99560885,0,0
248,100,1,2019/11/27 6:24:20,Regular,27809.21516,28228.19895,16354.38484,135.4502199,3.015841141,0,0
248,100,2,2019/11/27 6:24:20,Regular,26938.12121,27342.90647,17225.47879,131.9783466,3.047718533,0,0
248,100,3,2019/11/27 6:24:20,Regular,28350.99745,28765.97625,15812.60255,137.6177855,3.35884727,0,0
248,100,4,2019/11/27 6:24:20,super,27364.38409,27680.07178,16799.21591,133.6754076,5.783868023,0,0
248,100,5,2019/11/27 6:24:20,Diesel,17303.9439,17454.12235,4325.656098,166.4025607,4.349499892,0,0
249,100,1,2019/11/27 5:32:52,Regular,24693.42882,24932.37697,19453.07118,123.0878396,7.316321287,0,0
249,100,2,2019/11/27 5:32:52,Regular,25346.44913,25579.25439,18800.05087,125.6694479,7.707860483,0,0
249,100,3,2019/11/27 5:32:52,Supreme,36548.75899,36773.51409,7597.741008,171.9727652,9.488728384,0,0
249,100,4,2019/11/27 5:32:52,Diesel,24121.64494,24216.26277,23381.20506,118.9024003,10.19347532,0,0
249,101,1,2019/11/27 5:32:52,Regular,50039.87795,50511.63136,38253.12205,,,,0
251,100,1,2019/11/27 5:34:26,Regular,23193.7167,23540.57383,11377.222,141.7017132,3.105023924,0,0
251,100,2,2019/11/27 5:34:26,Regular,23932.4641,24272.84735,10638.4746,145.4880671,3.690048348,0,0
251,100,3,2019/11/27 5:34:26,Super,4206.878548,4257.04338,17396.86777,56.90737818,5.472694734,0,0
251,100,4,2019/11/27 5:34:26,Diesel,14173.73376,14299.84466,7430.012558,139.867156,4.080424752,0,0
252,100,1,2019/11/27 5:50:00,EREG,18709.25586,18815.23633,26831.76563,105.615918,10.34432697,0,0
252,100,2,2019/11/27 5:50:00,EREG,17096.8457,17199.04102,28444.17578,98.86556396,10.18101597,0,0
252,100,3,2019/11/27 5:50:00,EREG,17202.82617,17301.23633,28338.19531,99.30656738,10.24897861,0,0
252,100,4,2019/11/27 5:50:00,SUPRM,14950.75,14999.95508,30425.69727,88.80772705,12.15817738,0,0
252,100,5,2019/11/27 5:50:00,DIESL,14197.53516,14239.16992,8337.800781,136.4640503,11.30431747,0,0
252,101,1,2019/11/27 5:50:00,EREG,53008.92773,53315.51367,83614.13672,,,,0
252,102,1,2019/11/27 5:50:00,EREG,53008.92773,53315.51367,83614.13672,,,,0
253,100,1,2019/11/27 5:34:39,Regular,19702,19879.7,27821.1,124.871,7.8465,0,0
253,100,2,2019/11/27 5:34:39,Regular,20479.7,20679.7,27043.4,128.579,7.25312,0,0
253,100,3,2019/11/27 5:34:39,Premium,10328.8,10403.6,8680.51,126.128,8.50273,0,0
253,100,4,2019/11/27 5:34:39,Diesel,8296.57,8335.59,10712.7,106.455,9.23797,0,0
253,101,1,2019/11/27 5:34:39,Regular,40181.7,40559.4,54864.5,,,,0
254,100,1,2019/11/27 5:35:43,Regular,19528.9,19706.1,19282.4,118.29,7.80432,0,0
254,100,2,2019/11/27 5:35:43,Regular,19417.7,19591.3,19393.6,118.406,7.90692,0,0
254,100,3,2019/11/27 5:35:43,Supreme,12536.8,12646.6,6694.95,145.366,7.1485,0,0
254,100,4,2019/11/27 5:35:43,Diesel,11489.3,11566.5,7742.5,135.3,6.76724,0,0
254,101,1,2019/11/27 5:35:43,Regular,38946.6,39297.4,38676,,,,0
255,100,1,2019/11/27 5:35:53,Regular,21606.3,21827.2,35421.6,95.7115,6.88816,0,0
255,100,2,2019/11/27 5:35:53,Regular,21284.1,21499.6,35743.8,94.6469,6.96555,0,0
255,100,3,2019/11/27 5:35:53,Supreme,16925,17071.8,2571.85,185.42,7.22024,0,0
255,100,4,2019/11/27 5:35:53,Diesel,18653,18781.3,9883.48,146.517,6.57234,0,0
255,101,1,2019/11/27 5:35:53,Regular,42890.4,43326.8,71165.4,,,,0
256,100,1,2019/11/27 5:35:09,Diesel,11055.1,11088.7,12695.3,111.816,11.2785,0,0
256,100,2,2019/11/27 5:35:09,Platinum,11478.4,11414.9,12271.9,115.098,19.9435,0,0
256,100,3,2019/11/27 5:35:09,Regular,26874.4,27116.7,20648.8,130.197,7.85074,0,0
256,100,4,2019/11/27 5:35:09,Regular,27045.5,27303.7,20477.7,130.859,7.42881,0,0
256,101,1,2019/11/27 5:35:09,Regular,53919.9,54420.4,41126.5,,,,0
257,100,1,2019/11/27 6:23:20,Regular,32180.30469,32485.82625,15323.49531,149.7341984,8.025833206,0,0
257,100,2,2019/11/27 6:23:20,Regular,18727.0869,18921.68088,10427.4631,142.9951437,7.312096031,0,0
257,100,3,2019/11/27 6:23:20,Super,14858.87238,14984.17574,4372.927621,168.8367454,8.832998378,0,0
257,100,4,2019/11/27 6:23:20,Diesel,10978.57889,11031.66158,8253.221108,130.6101269,9.633464327,0,0
259,100,1,2019/11/27 6:19:08,Regular,11080.83359,11205.77879,12797.41641,81.16242176,6.607731411,0,0
259,100,2,2019/11/27 6:19:08,Regular,11449.42267,11582.90806,12428.82733,83.2077832,6.302752894,0,0
259,100,3,2019/11/27 6:19:08,Regular,11619.37427,11754.77869,12258.87573,84.14964768,6.307029434,0,0
259,100,4,2019/11/27 6:19:08,Regular,11562.54354,11698.49208,12315.57248,83.83551174,6.223914907,0.0333543788,0.1339819321
259,100,5,2019/11/27 6:19:08,Supreme,14964.5588,15078.80245,4075.341198,124.5375127,8.71727961,0,0
259,100,6,2019/11/27 6:19:08,Diesel,8789.3482,8836.483692,10250.5518,80.88479086,8.98608199,0,0
26,100,1,2019/11/27 6:30:32,Diesel,9895.43,9895.12,9336.37,120.12,15.0382,0,0
26,100,2,2019/11/27 6:30:32,Platinum,11214,11200.9,8282.83,130.852,16.0486,0.038312,0
26,100,3,2019/11/27 6:30:32,Reg,28662.2,28843.8,18841.6,136.436,9.98097,0,0
26,100,4,2019/11/27 6:30:32,Reg,28506.5,28660.9,18997.3,135.834,10.7107,0,0
26,101,1,2019/11/27 6:30:32,Reg,57168.7,57504.7,37838.9,,,,0
262,100,1,2019/11/27 5:32:51,Silver,8189.43,8246.09,54187.6,55.6111,9.51594,0,0
262,100,2,2019/11/27 5:32:51,Platinum,8263.43,8293.27,10968.4,104.555,11.767,0,0
262,100,3,2019/11/27 5:32:51,Diesel,3936.2,3946.06,15560.6,63.1444,11.9353,0,0
275,100,1,2019/11/27 5:35:16,Regular,14938.52146,14978.08138,8817.178539,140.3927426,12.90181336,0,0
275,100,2,2019/11/27 5:35:16,Regular,18457.76419,18602.65812,5297.935806,167.5518321,8.770292155,0,0
275,100,3,2019/11/27 5:35:16,Regular,18527.72996,18692.71391,5227.970037,168.1149204,7.930961588,0,0
275,100,4,2019/11/27 5:35:16,Supreme,10230.19298,10291.75761,9266.657019,122.1135627,9.606824621,0,0
275,100,5,2019/11/27 5:35:16,Diesel,13095.49396,13144.04823,6401.356043,147.7183163,10.457007,0,0
276,100,1,2018/11/27 7:40:00,Unknown,58590.60359,,48388.91883,311.2262,-13.83333333,1.524,
276,100,2,2018/11/27 7:40:00,Unknown,62330.59044,,44664.07364,326.4408,-13.83333333,0.508,
276,100,3,2018/11/27 7:40:00,Unknown,43899.42046,,47896.8153,281.0764,-12.11111111,0,
276,100,4,2018/11/27 7:40:00,Unknown,34004.35406,,57727.52971,234.188,-10.83333333,3.81,
277,100,1,2019/11/27 5:33:00,REGULAR SYPHON,13819.03516,13943.94043,31123.76758,80.67896729,7.909505844,0,0
277,100,2,2019/11/27 5:33:00,REGULAR STP,12327.74512,12433.72559,32612.25586,78.91212158,7.99455452,0,0
277,100,3,2019/11/27 5:33:00,SUPREME,2361.840088,2376.97998,43179.16406,25.10286255,9.375896454,0,0
277,100,4,2019/11/27 5:33:00,DIESEL,10427.6748,10469.31055,12301.32617,114.9510498,9.56432724,0,0
277,102,1,2019/11/27 5:33:00,"REGULAR SYPHON, REGULAR STP",26146.78027,26377.66602,63736.02344,,,,0
278,100,1,2019/11/27 5:11:40,Regular,16095.6262,16201.76572,31408.1738,88.0870881,9.768874944,0,0
278,100,2,2019/11/27 5:11:40,Regular,16175.25234,16279.35506,31328.54766,88.40672269,9.894768642,0,0
278,100,3,2019/11/27 5:11:40,EPLUS,6244.441485,6279.323278,22910.10851,64.35904459,10.54582458,0,0
278,100,4,2019/11/27 5:11:40,Diesel,10832.41418,10869.41247,8399.385816,129.2086646,10.81540037,0,0
279,100,1,2019/11/27 5:34:58,Regular,14041.35947,14170.24067,7530.079867,138.8840629,7.712830463,0,0
279,100,2,2019/11/27 5:34:58,Regular,14689.99369,14833.50728,6881.445642,144.2541937,7.242333643,0,0
279,100,3,2019/11/27 5:34:58,Super,15876.59308,15980.61221,5694.846252,154.2488909,9.774250979,0,0
279,100,4,2019/11/27 5:34:58,Diesel,7574.453235,7595.136875,13996.9861,86.04933668,11.65510692,0,0
28,100,1,2019/11/27 5:16:51,Diesel,9991.26,10045.2,11600.1,106.336,10.166,0,0
28,100,2,2019/11/27 5:16:51,Platinum,11461.6,11489.6,10129.8,118.293,13.0558,0,0
28,100,3,2019/11/27 5:16:51,Silver,13632.9,13754.7,7958.5,136.003,7.91296,0,0
28,100,4,2019/11/27 5:16:51,Silver,28042.4,28307.2,15181.6,139.093,7.50913,0,0
28,101,1,2019/11/27 5:16:51,Silver,41675.3,42061.9,23140.1,,,,0
281,100,1,2019/11/27 5:35:40,Super,10199.39994,10267.07361,9297.450059,121.8409221,9.052619823,0,0
281,100,2,2019/11/27 5:35:40,Diesel,13861.38699,13920.2858,5635.463011,154.8093944,9.79274873,0,0
281,100,3,2019/11/27 5:35:40,Regular,31047.20106,31284.57636,12219.59894,157.1091328,8.932890713,0,0
281,100,4,2019/11/27 5:35:40,Regular,34112.92945,34394.39434,9153.870547,170.7139353,8.451277849,0,0
281,101,1,2019/11/27 5:35:40,Regular,65160.13051,65678.9707,21373.46949,,,,0
282,100,1,2019/11/27 5:34:00,DIESEL,6676.740234,6900.055176,18670.25977,77.78546753,10.80555344,0,0
282,100,2,2019/11/27 5:34:00,SUPREME,8841.759766,8887.180664,16505.24023,95.34016724,11.02365685,0,0
282,100,3,2019/11/27 5:34:00,REG 1,12865.21582,12948.48535,33104.78516,89.01297607,9.764595032,0,0
282,100,4,2019/11/27 5:34:00,REG 2,12600.26563,12679.75,33369.73438,87.68898926,9.805954933,0,0
282,100,5,2019/11/27 5:34:00,REGULAR 3,12566.2002,12622.97559,33403.80078,87.52156372,11.40975094,0,0
282,100,6,2019/11/27 5:34:00,REG 4,10669.91504,10734.26074,35300.08594,77.88219604,10.06762409,0,0
285,100,1,2019/11/27 5:07:00,REGULAR 1 N,8103.685059,8175.600098,14664.31543,90.80947876,7.755445004,0,0
285,100,2,2019/11/27 5:07:00,REGULAR M N,7153.650391,7210.425293,15614.35059,82.91451416,8.345661163,0,0
285,100,3,2019/11/27 5:07:00,REGULAR M S,4924.285156,4969.705078,17843.71484,63.53146973,7.128087997,0,0
285,100,4,2019/11/27 5:07:00,REGULAR S,4685.830078,4719.89502,18082.16992,61.35512085,8.980335236,0,0
285,100,5,2019/11/27 5:07:00,SUPREME,5492.035156,5529.885254,17275.96484,68.60509033,9.344482422,0,0
285,100,6,2019/11/27 5:07:00,DIESEL,6093.850098,6112.775391,16674.15039,73.88161011,10.85167122,2.118953705,28.99842644
285,101,1,2019/11/27 5:07:00,"REGULAR 1 N, REGULAR M N, REGULAR M S, REGULAR S",24867.45068,25075.62549,66204.55078,,,,0
285,102,1,2019/11/27 5:07:00,"REGULAR 1 N, REGULAR M N, REGULAR M S, REGULAR S",24867.45068,25075.62549,66204.55078,,,,0
286,100,1,2019/11/27 6:47:00,REG,36025.63281,36233.80469,64000.39063,118.3910645,10.38358021,0,0
286,100,2,2019/11/27 6:47:00,PREMIUM,7115.800293,7138.510254,13522.20313,87.29361572,12.44620037,0,0
286,100,3,2019/11/27 6:47:00,DIESEL,10245.99512,10276.27539,20575.00586,86.08527832,11.06632614,0,0
286,102,1,2019/11/27 6:47:00,"REG, PREMIUM",43141.43311,43372.31494,77522.59375,,,,0
289,100,1,2019/11/27 5:43:21,Platinum,16801.99442,16910.25196,7403.055581,144.7450104,9.225000788,0,0
289,100,2,2019/11/27 5:43:21,Silver-West,23528.89322,23809.47626,6148.17787,164.8198656,5.52415099,0,0
289,100,3,2019/11/27 5:43:21,Silver-Centre,22720.36752,22975.68632,6956.703564,159.6368101,6.072495468,0,0
289,100,4,2019/11/27 5:43:21,Silver-East,23778.60993,24030.26352,5898.461156,166.4440378,6.594013895,0,0
292,100,1,2019/11/27 5:36:05,Regular,72945.00841,73863.17646,22302.94159,205.981796,4.995920103,0,0
292,100,2,2019/11/27 5:36:05,Super,15756.80928,15888.06051,3360.990723,221.1440167,8.352324559,0,0
292,100,3,2019/11/27 5:36:05,Diesel,23999.96816,24170.1916,14914.88184,171.0194871,6.300381053,0,0
293,100,1,2019/11/27 7:30:00,REGULAR,24133.16016,24239.14063,51154.83984,108.2357056,11.41300583,0,0
293,100,2,2019/11/27 7:30:00,SUPER,10984.07031,10999.20996,9259.930664,130.6698486,13.65815258,0,0
293,100,3,2019/11/27 7:30:00,DIESEL,10825.10059,10836.45508,19863.90039,94.9078125,13.47378159,0,0
294,100,2,2019/11/27 5:31:00,SUPER,15287.61523,15351.95996,9718.384766,142.9358765,11.5217247,0,0
294,100,3,2019/11/27 5:31:00,DIESEL,17649.45508,17698.66016,7356.544922,161.0133789,11.56158447,0,0
294,100,4,2019/11/27 5:31:00,REG UNL.,23625.9707,23811.43555,51380.03125,106.5905029,8.642845154,0,0
295,100,1,2019/11/27 5:39:00,REGULAR,23292.89063,23561.625,52230.10938,106.6193848,5.806676865,0,0
295,100,2,2019/11/27 5:39:00,SUPER,12142.28027,12233.12012,13336.71973,112.0639038,8.941005707,0,0
295,100,3,2019/11/27 5:39:00,DIESEL,9273.25,9307.31543,16205.75,92.00635376,10.54271317,0,0
296,100,1,2019/11/27 5:48:00,SILVER,33326.92578,33697.85547,46924.07422,131.005542,6.044968605,0,0
296,100,2,2019/11/27 5:48:00,PLATINUM,11377.70996,11468.55078,13628.29004,114.1848267,8.661113739,0,0
296,100,3,2019/11/27 5:48:00,DIESEL,11214.95508,11271.73047,13904.04492,112.0302002,8.460528374,0,0
297,100,1,2019/11/27 5:44:00,Regular SOUTH,27051.39648,27161.16016,5152.60498,183.411792,11.73054981,0,0
297,100,2,2019/11/27 5:44:00,Regular NORTH,26994.62109,27134.66602,5209.379883,183.0098389,10.8318224,0,0
297,100,3,2019/11/27 5:45:00,Premium,10416.32031,10416.32031,4583.683105,160.5435547,14.69635868,0,0
297,100,4,2019/11/27 5:45:00,Diesel,17043.85547,17096.8457,2963.14502,190.4674194,11.02473354,0,0
297,101,1,2019/11/27 5:44:00,"Regular SOUTH, Regular NORTH",54046.01758,54295.82617,10361.98486,,,,0
297,102,1,2019/11/27 5:44:00,"Regular SOUTH, Regular NORTH",54046.01758,54295.82617,10361.98486,,,,0
298,100,1,2019/11/27 6:09:14,Reg,23875.71622,24040.12411,9373.624152,161.2866321,10.09876352,0,0
298,100,2,2019/11/27 6:09:14,Reg,24339.24756,24513.94756,8910.092811,164.0137993,9.867074403,0,0
298,100,3,2019/11/27 6:09:14,Super,19639.00116,19737.95762,4143.83697,183.0121957,11.54298258,0,0
299,100,1,2019/11/27 5:33:00,REGULAR NORTH,26968.125,27119.52539,17572.875,139.6421143,10.47293758,0,0
299,100,2,2019/11/27 5:33:00,REGULAR SOUTH,28016.57031,28198.25,16925.42969,144.2018188,9.766032219,0,0
299,100,3,2019/11/27 5:33:00,SUPREME,12437.51074,12441.29492,33103.5,78.6848877,14.83733273,0,0
299,100,4,2019/11/27 5:33:00,DIESEL,9772.870117,9788.010742,12790.13281,109.6571777,13.01301289,0,0
299,101,1,2019/11/27 5:33:00,"REGULAR NORTH, REGULAR SOUTH",54984.69531,55317.77539,34498.30469,,,,0
299,102,1,2019/11/27 5:33:00,"REGULAR NORTH, REGULAR SOUTH",54984.69531,55317.77539,34498.30469,,,,0
3,100,1,2019/11/27 6:35:22,Platinum,7418.52,7418.28,20299.5,71.2446,15.0257,0,0
3,100,2,2019/11/27 6:35:22,Silver,30827.4,31098,16943.8,138.266,8.03698,0,0
300,100,1,2019/11/27 7:17:00,PLATINUM.,17456.41992,17452.63477,5311.580566,167.681958,15.12502003,0,0
300,100,2,2019/11/27 7:17:00,DIESEL,12588.91016,12585.125,10179.09082,127.0218628,15.25701141,3.127350616,61.89746094
300,100,3,2019/11/27 7:17:00,SILVER 2.,23758.44531,23856.85547,26524.55664,110.7547607,11.61403656,0,0
300,102,1,2019/11/27 7:17:00,"PLATINUM., DIESEL",30045.33008,30037.75977,15490.67139,,,,61.89746094
320,100,1,2019/11/27 5:22:00,REGULAR,30113.46094,30363.27148,44773.54297,126.8647583,8.420448303,0,0
320,100,2,2019/11/27 5:22:00,SUPER,12649.4707,12615.40527,13135.53027,123.2347168,17.07798386,0,0
320,100,3,2019/11/27 5:22:00,DIESEL,6937.905273,6949.260254,18722.0957,74.94138794,12.80401039,0,0
320,102,1,2019/11/27 5:22:00,"REGULAR, SUPER, DIESEL",49700.83691,49927.93701,76631.16895,,,,0
321,100,1,2019/11/27 6:38:00,SILVER,55764.40625,56199.67969,19523.5918,209.1648193,8.778944969,0,0
321,100,2,2019/11/27 6:39:00,PLATINUM,10741.83008,10764.54004,14404.1709,109.3907959,13.09053802,0,0
321,100,3,2019/11/27 6:39:00,DIESEL,7865.22998,7872.800293,17819.77148,84.47855225,13.74569798,0,0
322,100,1,2019/11/27 5:43:00,SILVER,62316.24219,62743.94531,37944.75781,179.8739258,9.496716499,0,0
322,100,2,2019/11/27 5:43:00,PLATINUM,9106.709961,9163.485352,11137.29102,112.57854,9.964282036,0,0
322,100,3,2019/11/27 5:43:00,DIESEL,10215.71484,10245.99512,35328.28516,68.48205566,10.80080223,0,0
323,100,1,2019/11/27 5:42:00,REGULAR WEST,28508.62109,28826.56055,12345.37988,146.2689697,6.083231926,0,0
323,100,2,2019/11/27 5:42:00,REGULAR EAST,28001.43164,28308.01563,17542.57031,144.1339233,6.193805218,0,0
323,100,3,2019/11/27 5:42:00,PREMIUM,12036.30078,12130.92578,8207.700195,140.8415527,8.835334778,0,0
323,100,4,2019/11/27 5:42:00,DIESEL,14822.06055,14882.62012,5421.94043,168.5020386,9.746173859,0,0
323,101,1,2019/11/27 5:42:00,"REGULAR WEST, REGULAR EAST",56510.05273,57134.57617,29887.9502,,,,0
323,102,1,2019/11/27 5:42:00,"REGULAR WEST, REGULAR EAST",56510.05273,57134.57617,29887.9502,,,,0
324,100,1,2019/11/27 5:34:00,REGULAR EAST,19496.53516,19666.86133,26047.46484,108.8919312,7.976345539,0,0
324,100,2,2019/11/27 5:34:00,REGULAR WEST,22762.99023,22971.16602,22781.00977,122.3676758,7.703997135,0,0
324,100,3,2019/11/27 5:34:00,DIESEL,9273.25,9322.455078,10970.75098,114.2825928,8.361824989,0,0
324,100,4,2019/11/27 5:34:00,PREMIUM,13228.5752,13345.91016,7015.425781,152.4934448,8.043292999,0,0
324,102,1,2019/11/27 5:34:00,"REGULAR EAST, REGULAR WEST",42259.52539,42638.02734,48828.47461,,,,0
325,100,1,2019/11/27 6:20:27,Regular,48934.84238,49510.54219,13356.27279,162.6357843,5.652105915,0.0053932508,0.3848307994
325,100,2,2019/11/27 6:20:27,Diesel,16136.12561,16214.85805,8067.498423,139.975477,9.019361666,0.0546887176,1.425966469
325,100,3,2019/11/27 6:20:27,Super,14907.71685,15016.38991,10095.96325,128.4264799,8.464479154,0.0107324059,0.3199045912
326,100,1,2019/11/27 5:34:25,Regular,15824.9,15898.1,46311.8,70.5646,11.333,0,0
326,100,2,2019/11/27 5:34:25,Regular,8124.8,8152.08,15738.2,87.0406,12.3414,0,0
326,100,3,2019/11/27 5:34:25,Supreme,9681.3,9657.37,14074.4,101.533,17.2096,0,0
326,101,1,2019/11/27 5:34:25,Regular,23949.7,24050.18,62050,,,,0
327,100,1,2019/11/27 5:39:00,REGULAR,64409.34766,65075.50781,26220.6543,201.9836792,6.722045422,0,0
327,100,2,2019/11/27 5:39:00,SUPER,20386.00977,20548.76563,5933.989258,168.6971069,8.576950073,0,0
327,100,3,2019/11/27 5:39:00,DIESEL,16472.32031,16563.16016,9006.679688,142.5286377,7.960342884,0,0
329,100,1,2019/11/27 5:41:00,REGULAR 1 NORTH,19780.41016,19943.16602,5354.590332,131.0028809,8.409659386,0,0
329,100,2,2019/11/27 5:41:00,REGULAR 2 STP MIDDLE,19341.34961,19507.89063,5793.650391,128.2523315,8.030461311,0,0
329,100,3,2019/11/27 5:41:00,REGULAR 3 SOUTH,19553.31055,19716.06641,5581.69043,129.5737061,8.287194252,0,0
329,100,4,2019/11/27 5:41:00,PLATINUM,11506.40039,11574.53027,3832.600098,124.8088013,9.994621277,0,0
329,100,5,2019/11/27 5:41:00,DIESEL,8504.895508,8538.959961,1499.104858,142.215686,9.997060776,0,0
329,102,1,2019/11/27 5:41:00,"REGULAR 1 NORTH, REGULAR 2 STP MIDDLE, REGULAR 3 SOUTH",58675.07031,59167.12305,16729.93115,,,,0
330,100,1,2019/11/27 5:56:47,Regular,43073.6943,43640.46796,52174.2557,134.3228538,4.540088947,0,0
330,100,2,2019/11/27 5:56:47,Super,10615.92416,10691.05171,13247.12584,107.3805503,9.354461787,0,0
330,100,3,2019/11/27 5:56:47,Diesel,18487.83129,18591.00807,4860.548873,168.0668952,8.157996306,0,0
331,100,1,2019/11/27 5:33:00,REGULAR EAST,15105.93555,15230.84082,30438.06445,90.38882446,8.337461472,0,0
331,100,2,2019/11/27 5:33:00,REGULAR WEST,14432.20508,14534.40039,31111.79492,87.48215942,9.285042763,0,0
331,100,3,2019/11/27 5:33:00,SUPER,12445.08008,12441.29492,7798.92041,144.808313,15.28177929,0,0
331,100,4,2019/11/27 5:33:00,DIESEL,11241.4502,11294.44043,9002.550781,133.139917,8.871799469,0,0
331,101,1,2019/11/27 5:33:00,"REGULAR EAST, REGULAR WEST",29538.14063,29765.24121,61549.85938,,,,0
331,102,1,2019/11/27 5:33:00,"REGULAR EAST, REGULAR WEST",29538.14063,29765.24121,61549.85938,,,,0
332,100,1,2019/11/27 6:19:28,Regular,30632.49376,30922.44137,17789.00624,134.4806132,7.4845495,0,0
332,100,2,2019/11/27 6:19:28,Regular,30686.26957,30978.12862,17735.23043,134.6734382,7.448152643,0,0
332,100,3,2019/11/27 6:19:28,Premium,9416.761887,9457.912494,5043.188113,138.1448515,11.08573573,0,0
332,100,4,2019/11/27 6:19:28,Diesel,12709.09664,12754.75675,20556.10336,91.41429648,10.598068,0,0
333,100,1,2019/11/27 5:35:00,DIESEL,15526.07031,15586.63086,34477.9375,83.56062622,10.28779316,0,0
333,100,2,2019/11/27 5:35:00,REGULAR WEST,17649.45508,17751.65039,32354.55469,94.45147095,10.22119713,0,0
333,100,3,2019/11/27 5:35:00,REGULAR MIDDLE,17683.51953,17804.64063,32320.48828,94.58291626,9.392823219,0,0
333,100,4,2019/11/27 5:35:00,REGULAR EAST,16283.07031,16400.40625,33720.9375,89.11450195,9.257965088,0,0
333,100,5,2019/11/27 5:35:00,EPLUS,17138.48047,17244.46094,32865.14063,92.42061157,10.02729034,0,0
333,101,2,2019/11/27 5:35:00,"REGULAR WEST, REGULAR MIDDLE, REGULAR EAST",51616.04492,51956.69727,98395.98047,,,,0
333,102,2,2019/11/27 5:35:00,"REGULAR WEST, REGULAR MIDDLE, REGULAR EAST",51616.04492,51956.69727,98395.98047,,,,0
334,100,1,2019/11/27 5:24:35,REGULAR,34346.4,34546.5,60904.4,114.522,10.9875,0,0
334,100,2,2019/11/27 5:24:35,SUPER,10666.3,10690.4,14337.7,98.7252,13.5784,0,0
334,100,3,2019/11/27 5:24:35,DIESEL,12931.6,12954.2,11273.4,117.534,13.4693,0,0
335,100,1,2019/11/27 4:59:00,REGULAR WEST,39712.22266,40094.50781,10291.78125,180.4613159,7.361055851,0,0
335,100,2,2019/11/27 4:59:00,REGULAR EAST,36180.81641,36517.67969,13823.18652,165.6239624,7.616439342,0,0
335,100,3,2019/11/27 4:59:00,DIESEL,15609.34082,15749.38574,14508.66113,123.9926758,7.736837387,0,0
335,100,4,2019/11/27 4:59:00,ULTRA,13906.09082,13966.65039,6616.910156,155.1259277,9.395077705,0,0
335,101,1,2019/11/27 4:59:00,"REGULAR WEST, REGULAR EAST",75893.03906,76612.1875,24114.96777,,,,0
335,102,1,2019/11/27 4:59:00,"REGULAR WEST, REGULAR EAST",75893.03906,76612.1875,24114.96777,,,,0
336,100,1,2019/11/27 5:44:00,REGULAR,50503.25781,51063.4375,49757.74609,151.8499023,6.1730299,0,0
336,100,2,2019/11/27 5:44:00,SUPER,8868.254883,8940.169922,16250.74414,93.67714844,8.373067856,0,0
336,100,3,2019/11/27 5:44:00,DIESEL,12789.51563,12861.43066,12216.48535,124.5022705,7.97147131,0,0
337,100,1,2019/11/27 5:48:00,REGULAR,48943.83594,49485.08984,51317.16406,148.073291,6.186426163,0,0
337,100,2,2019/11/27 5:48:00,SUPER,9735.020508,9810.720703,15270.98047,102.0662964,8.807707787,0,0
337,100,3,2019/11/27 5:48:00,DIESEL,13565.44043,13626,11440.56055,130.2057983,9.486897469,0,0
338,100,1,2019/11/27 5:23:00,SILVER,82195.0625,82940.71094,18068.93945,230.5811279,7.79910183,0,0
338,100,2,2019/11/27 5:23:00,PLATINIUM,32600.20508,32774.31641,8464.793945,220.8424316,10.79951382,0,0
338,100,3,2019/11/27 5:23:00,DIESEL,20582.83008,20730.44531,5523.170898,222.987207,9.260047913,0,0
339,100,1,2019/11/27 5:35:00,SILVER,19273.2207,19519.24609,71588.28906,80.18811646,4.861187458,0,0
339,100,2,2019/11/27 5:35:00,DIESEL,13311.8457,13368.62012,12167.65527,120.186438,9.467351913,0,0
339,100,3,2019/11/27 5:35:00,PLATINUM,8826.620117,8898.535156,16652.88086,88.8104248,8.565339088,0,0
343,100,1,2019/11/27 5:37:41,Silver 1,12433.46608,12460.74405,35352.24074,90.34703755,13.26197561,0.0367439489,0.243177817
343,100,2,2019/11/27 5:37:41,Silver 2,14690.05026,14678.58804,33095.89974,101.6987348,15.61757533,0,0
343,100,3,2019/11/27 5:37:41,Platinum,7993.635455,7942.697508,17182.71933,102.9605016,20.06284774,0.159776574,1.495217171
343,100,4,2019/11/27 5:37:41,Diesel,12354.62561,12361.53966,12823.22439,143.0985106,14.31494844,0,0
345,100,1,2019/11/27 5:28:00,REGULAR,40029.61719,40533.04297,51160.83984,137.0824341,5.018808365,0,0
345,100,2,2019/11/27 5:29:00,PREMIUM,10771.41992,10878.32813,14375.89063,108.4513916,7.12288332,0,0
345,100,3,2019/11/27 5:29:00,DIESEL,11679.24512,11733.35547,13337.49023,116.3738281,9.280272484,0,0
347,100,1,2019/11/27 5:37:00,REGULAR 1,29848.51172,29984.77148,15695.49023,151.9775024,11.40305424,0,0
347,100,2,2019/11/27 5:37:00,REGULAR 2,32766.74609,32918.14453,12777.25488,164.6884521,11.31047535,0,0
347,100,3,2019/11/27 5:37:00,PLATINUM,15128.64551,15162.70996,5115.355469,172.1088379,12.98155689,0,0
347,100,4,2019/11/27 5:37:00,DIESEL,11612.37988,11631.30566,8631.621094,137.2650269,12.74688053,0,0
347,101,1,2019/11/27 5:37:00,"REGULAR 1, REGULAR 2",62615.25781,62902.91602,28472.74512,,,,0
347,102,1,2019/11/27 5:37:00,"REGULAR 1, REGULAR 2",62615.25781,62902.91602,28472.74512,,,,0
348,100,1,2019/11/27 5:46:00,REGULAR TANK 1,10598,10677.48535,89666,50.48921814,8.696469307,0,0
348,100,2,2019/11/27 5:46:00,SUPREME TANK 2,8092.330078,8141.535156,14882.66992,79.74854126,10.02017593,0,0
348,100,3,2019/11/27 5:46:00,DIESEL TANK 3,5363.345215,5382.27002,20115.6543,62.67208862,10.80282021,0,0
349,100,1,2019/11/27 6:03:59,Silver,69036.13524,69423.43187,8167.538181,238.6905096,10.55102425,0.174863889,1.876582694
349,100,2,2019/11/27 6:03:59,Platinum,9538.905001,9577.989269,4920.183447,139.6518889,11.33019946,0.1298495374,0.8615523942
349,100,3,2019/11/27 6:03:59,Diesel,7172.38849,7191.603198,22107.21272,66.81222771,11.71852063,0.0709146106,0.348785109
351,100,1,2019/11/27 5:41:00,REGLR WEST,5703.995117,5738.060059,59703.00781,35.14534607,10.11611748,0,0
351,100,2,2019/11/27 5:41:00,REGLR EAST,5571.52002,5594.22998,29921.47852,54.37642212,11.23062134,0,0
351,100,3,2019/11/27 5:41:00,SUPER TANK,4034.810059,4053.735107,31458.18945,43.59265747,11.06296539,1.964920998,39.61006927
351,100,4,2019/11/27 5:41:00,DIESEL TANK,9549.555664,9576.049805,25943.44336,77.22677612,11.64925289,0,0
351,101,1,2019/11/27 5:41:00,"REGLR WEST, REGLR EAST",11275.51514,11332.29004,89624.48633,,,,0
351,102,1,2019/11/27 5:41:00,"REGLR WEST, REGLR EAST",11275.51514,11332.29004,89624.48633,,,,0
352,100,1,2019/11/27 6:02:42,Silver,52066.7248,52618.33808,43393.0752,155.4855938,6.585077985,0,0
352,100,2,2019/11/27 6:02:42,Platinum,10696.08692,10745.48577,14481.76308,128.0551975,10.86262381,0,0
352,100,3,2019/11/27 6:02:42,Diesel,10292.50113,10328.62798,28665.09887,91.58798521,10.69950059,0,0
353,100,1,2019/11/27 6:10:17,Silver,69004.90429,69658.16049,26245.89571,196.3895982,7.483363317,0,0
353,100,2,2019/11/27 6:10:17,Platinum,14045.73476,14125.54634,10158.48284,125.2785308,9.907890339,0.0703901096,0.8324068027
353,100,3,2019/11/27 6:10:17,Diesel,16081.62952,16139.64925,8921.891309,136.708077,10.57953008,0.0350581186,0.4791702654
355,100,1,2019/11/27 6:37:06,Regular,46353.8198,46879.53041,48883.13097,142.9329215,5.98972055,0.1905061563,13.84923156
355,100,2,2019/11/27 6:37:06,Diesel,17324.64571,17427.17788,6880.404286,148.5339224,7.743477578,0,0
355,100,3,2019/11/27 6:37:06,Super,8089.643387,8156.016207,16914.35661,80.22472075,7.642081268,0,0
356,100,1,2019/11/27 5:49:00,SUPREME,12853.86035,12948.48535,27309.14453,106.9892822,9.142665863,2.195971298,37.33572006
356,100,2,2019/11/27 5:49:00,DIESEL,15052.94531,15102.15039,19950.05469,109.3938232,10.92643738,0,0
356,100,3,2019/11/27 5:49:00,REGULAR STP TANK,36672.86719,37062.72266,13555.13477,206.2319092,6.560846806,0,0
356,100,4,2019/11/27 5:49:00,REGULAR SOUTH,37259.53906,37675.89063,12968.45996,209.2037842,6.112694263,0,0
356,100,5,2019/11/27 5:49:00,REGULAR SMALL,19208.875,19417.05078,6995.125488,208.2717529,6.335050583,0,0
356,101,3,2019/11/27 5:49:00,"REGULAR STP TANK, REGULAR SOUTH, REGULAR SMALL",93141.28125,94155.66406,33518.72021,,,,0
356,102,3,2019/11/27 5:49:00,"REGULAR STP TANK, REGULAR SOUTH, REGULAR SMALL",93141.28125,94155.66406,33518.72021,,,,0
358,100,1,2019/11/27 5:32:00,DIESEL,18591.91992,18728.17969,7612.08252,202.0610229,5.772325516,0,0
358,100,2,2019/11/27 5:32:00,EAST REGULAR,46245.13281,46737.17969,3982.869873,260.9913574,6.516257286,0,0
358,100,3,2019/11/27 5:32:00,WEST REGULAR,24962.07617,25234.5957,5727.924805,183.9419922,6.240694046,0,0
358,101,2,2019/11/27 5:32:00,"EAST REGULAR, WEST REGULAR",71207.20898,71971.77539,9710.794678,,,,0
358,102,2,2019/11/27 5:32:00,"EAST REGULAR, WEST REGULAR",71207.20898,71971.77539,9710.794678,,,,0
359,100,1,2019/11/27 5:57:19,Silver.,71740.5641,72620.93433,23477.3859,202.9835389,5.2476476,0,30
359,100,2,2019/11/27 5:57:19,Platinum.,11611.94127,11716.5183,12135.75873,115.8966693,6.92095165,0,8
359,100,3,2019/11/27 5:57:19,Diesel.,6902.012565,6931.010997,40582.78744,48.85015485,9.851260949,0,19
361,100,1,2019/11/27 5:38:00,DIESEL,8936.384766,8970.450195,41067.61719,58.30709229,10.41744423,0,0
361,100,2,2019/11/27 5:39:00,REGULAR WEST,30030.19141,30325.41992,19973.81055,141.45448,7.113380432,0,0
361,100,3,2019/11/27 5:39:00,REGULAR EAST,28909.83008,29216.41602,21094.17188,137.1785767,6.475806713,0,0
361,100,4,2019/11/27 5:39:00,PREMIUM,13573.01074,13607.0752,17115.99023,111.737085,12.80828476,0,0
361,102,2,2019/11/27 5:39:00,"REGULAR WEST, REGULAR EAST",58940.02148,59541.83594,41067.98242,,,,0
362,100,1,2019/11/27 5:40:35,Silver.,57877.45949,58562.05149,37582.34051,169.2079605,5.601265864,0,0
362,100,2,2019/11/27 5:40:35,Platinum.,13145.55486,13235.43887,12032.29514,150.2396433,8.87034262,0,0
362,100,3,2019/11/27 5:40:35,Diesel.,13323.2801,13404.743,25634.3199,109.9491635,7.502643957,0,0
365,100,1,2019/11/27 6:11:30,Regular,64125.10459,64689.43672,31122.84541,184.1770212,8.013895323,0,0
365,100,2,2019/11/27 6:11:30,Super,13111.76017,13184.11111,11782.03983,151.1720983,10.05533001,0,0
365,100,3,2019/11/27 6:11:30,Diesel,10822.60886,10857.87864,28092.24114,94.76258707,11.00748045,0,0
366,100,1,2019/11/27 5:41:00,SILVER,39205.03125,39447.26953,36317.96875,156.1104858,10.03382778,0,0
366,100,2,2019/11/27 5:41:00,PLATINUM,8243.730469,8292.935547,12394.27148,97.73759766,10.22559738,0,0
366,100,3,2019/11/27 5:41:00,DIESEL,4542,4560.925293,26279,48.98022766,9.810420036,0,0
367,100,1,2019/11/27 5:47:00,Regular,27088.00781,27323.4082,17911.99219,140.5853027,8.65856266,0,0
367,100,2,2019/11/27 5:47:00,Regular 2,28195.07031,28458.28906,16804.92969,145.2819824,8.146338463,0,0
367,100,3,2019/11/27 5:47:00,Super,9865.327148,9935.576172,10134.67285,119.8888794,9.904150963,0,0
367,100,4,2019/11/27 5:47:00,Diesel,7239.154785,7272.518555,12760.84473,95.12756348,9.865685463,0,0
367,101,1,2019/11/27 5:47:00,"Regular, Regular 2",55283.07813,55781.69727,34716.92188,,,,0
367,102,1,2019/11/27 5:47:00,"Regular, Regular 2",55283.07813,55781.69727,34716.92188,,,,0
368,100,1,2019/11/27 5:38:00,WEST REGULAR,23770.64648,23922.80859,21635.20117,126.8901001,9.919631004,0,0
368,100,2,2019/11/27 5:38:00,EAST REGULAR,41721.67188,42051.07031,3682.945557,210.6261963,8.734016418,0,0
368,100,3,2019/11/27 5:38:00,SUPER,10240.64648,10296.51465,10057.78906,123.3471069,10.67027187,0,0
368,100,4,2019/11/27 5:38:00,DIESEL,11515.33984,11568.15332,8786.029297,135.5191772,9.337794304,0,0
368,102,1,2019/11/27 5:38:00,"WEST REGULAR, EAST REGULAR",65492.31836,65973.87891,25318.14673,,,,0
369,100,1,2019/11/27 5:45:33,Silver,38713.03232,39106.78732,56535.66799,124.9629443,6.922332064,0.1151028316,2.099684929
369,100,2,2019/11/27 5:45:33,Platinum,12405.26237,12475.98873,12327.69348,111.8768341,9.890784972,0.0332136312,0.2941481524
369,100,3,2019/11/27 5:45:33,Diesel,17344.45427,17431.3227,6860.203016,148.678974,8.860801218,0.0682122409,0.3927140933
37,100,1,2019/11/27 5:38:27,Regular,35381.69028,35594.86057,3429.60972,196.7799626,10.22144162,0,0
37,100,2,2019/11/27 5:38:27,Regular,37072.44515,37359.25669,1738.85485,207.611413,8.860591687,0,0
37,100,3,2019/11/27 5:38:27,Super,16012.12604,16101.90625,3484.723961,176.1970345,10.52908323,0,0
37,100,4,2019/11/27 5:38:27,Diesel,13839.31542,13873.85644,5657.53458,154.7055175,11.9429963,0,0
370,100,1,2019/11/27 5:43:00,REGULAR UNLEADED,21188.42969,21309.55078,28811.58008,111.7500244,10.40038204,0,0
370,100,2,2019/11/27 5:43:00,PREMIUM UNLEADED,14193.75,14693.37012,10806.25488,134.8470947,10.62191677,0,0
370,100,3,2019/11/27 5:43:00,DIESEL,18989.3457,19057.47461,6357.654297,175.9658325,10.48043156,0,0
370,100,4,2019/11/27 5:43:00,REGULAR UNLEADED,17278.52539,17395.86133,32761.47461,88.15315552,9.536158562,0,0
370,100,5,2019/11/27 5:43:00,REGULAR UNLEADED,18334.54102,18470.80078,31705.45898,92.12720337,8.979721069,0,0
370,102,1,2019/11/27 5:43:00,REGULAR UNLEADED,56801.49609,57176.21289,93278.51367,,,,0
371,100,1,2019/11/27 5:55:28,Regular,56639.87495,56934.35365,38610.92505,167.1845224,10.87740807,0,0
371,100,2,2019/11/27 5:55:28,Super,9790.011221,9829.525599,14415.03878,95.60617465,11.38484456,0,0
371,100,3,2019/11/27 5:55:28,Diesel,15964.23395,16004.22045,9039.76605,135.8686945,11.93209907,0,0
373,100,1,2019/11/27 5:54:15,Silver.,44180.72544,44636.0971,51279.07456,136.9341981,6.814050751,0,0
373,100,2,2019/11/27 5:54:15,Platinum.,9635.282219,9688.107043,15542.56778,118.3197457,10.08726953,0,0
373,100,3,2019/11/27 5:54:15,Diesel.,10185.95956,10235.84018,28771.64044,90.92052068,8.997594953,0,0
38,100,1,2019/11/27 9:39:07,Diesel,28967.7,29106.6,9947.15,199.962,9.1276,0,0
38,100,2,2019/11/27 9:39:07,Platinum,15680.8,15692.3,3437.05,220.115,14.343,0,0
38,100,3,2019/11/27 9:39:07,Silver,63158.6,63899.8,32089.4,181.839,5.68441,0,0
384,100,1,2019/11/27 6:39:00,REGULAR,38463.17188,38614.57031,41787.82813,146.1110962,11.81208515,0,0
384,100,2,2019/11/27 6:39:00,PREMIUM,8338.355469,8334.570313,16780.64453,89.46340332,15.23184681,0,0
384,100,3,2019/11/27 6:39:00,DIESL,10325.48047,10317.91016,14680.52051,106.4432495,15.43081951,0,0
386,100,1,2019/11/27 6:33:00,Silver,22183.36523,22351.51367,73066.71875,8.44892807,9.336870193,0.008750609308,0.7129029036
386,100,2,2019/11/27 6:33:00,Platinum,15190.35254,15285.28711,9813.647461,13.04095917,10.30568695,0,0
386,100,3,2019/11/27 6:33:00,Diesel,12451.34961,12506.60352,11753.63086,11.42034531,10.17587376,0.0008030632511,0.06914624572
386,101,1,2019/11/27 6:33:00,Silver,22183.36523,22351.51367,73066.71875,,,,0.7129029036
386,101,2,2019/11/27 6:33:00,Platinum,15190.35254,15285.28711,9813.647461,,,,0
386,101,3,2019/11/27 6:33:00,Diesel,12451.34961,12506.60352,11753.63086,,,,0.06914624572
40,100,1,2019/11/27 6:34:15,Silver,29515.3,29716.6,14669.2,142.303,9.59389,0,0
40,100,2,2019/11/27 6:34:15,Silver,14669.5,14783,6970.29,143.935,8.86742,0,0
40,100,3,2019/11/27 6:34:15,Platinum,16092.9,16113.8,5546.89,155.837,13.8395,0,0
40,100,4,2019/11/27 6:34:15,Diesel,12256.2,12275.6,9383.56,124.365,13.065,0,0
40,101,1,2019/11/27 6:34:15,Silver,44184.8,44499.6,21639.49,,,,0
42300,100,1,2019/11/27 5:26:21,Silver,43630,43890.2,3873.77,198.618,10.2754,0,0
42300,100,2,2019/11/27 5:26:21,Silver,26577.7,26738,2576.84,196.078,10.2212,0,0
42300,100,3,2019/11/27 5:26:21,Platinum,10318.3,10297.7,8913.47,124.281,16.5874,0,0
42300,100,4,2019/11/27 5:26:21,Diesel,15284.2,15320.5,8471.47,142.94,12.8736,0,0
42300,101,1,2019/11/27 5:26:21,Silver,70207.7,70628.2,6450.61,,,,0
42302,100,1,2019/11/27 5:37:08,Silver,20931,21106.2,2828.55,195.005,8.35984,0,0
42302,100,2,2019/11/27 5:37:08,Silver,21558.9,21789.5,2200.59,201.082,6.51423,0,0
42302,100,3,2019/11/27 5:37:08,Silver,21350,21527.7,2409.52,199.031,8.40168,0,0
42302,100,4,2019/11/27 5:37:08,Diesel,18058.2,18163.4,5701.36,169.559,7.8591,0,0
42302,100,5,2019/11/27 5:37:08,Platinum,12836.7,12908.8,10922.8,127.604,9.96953,0,0
42302,101,1,2019/11/27 5:37:08,Silver,63839.9,64423.4,7438.66,,,,0
42315,100,1,2019/11/27 5:34:22,Regular,30083.2318,30389.82512,8728.068202,168.2423073,6.90613237,0,0
42315,100,2,2019/11/27 5:34:22,Regular,34351.33724,34740.54045,4459.962761,190.8761139,5.998637241,0,0
42315,100,3,2019/11/27 5:34:22,Super,8264.290575,8334.320172,10967.50942,104.564791,8.237139462,0,0
42315,100,4,2019/11/27 5:34:22,Diesel,8463.618549,8514.839221,10768.18145,106.4914047,7.579383866,0,0
42318,100,1,2019/11/27 5:38:31,Silver,4203.51,4236.56,24951,49.3943,8.76615,0,0
42318,100,2,2019/11/27 5:38:31,Platinum,6517.64,6528.17,12714.2,87.439,13.5542,0,0
42318,100,3,2019/11/27 5:38:31,Silver,7014.72,7052.76,40489.1,49.318,10.7041,0,0
42318,100,4,2019/11/27 5:38:31,Diesel,10490,10515.9,13265.7,107.57,11.9682,0,0
42318,101,1,2019/11/27 5:38:31,Silver,11218.23,11289.32,65440.1,,,,0
42322,100,1,2019/11/27 5:38:44,Regular,15346.15511,15446.07004,80113.64489,63.70701023,9.835296953,0,0
42322,100,2,2019/11/27 5:38:44,Super,8676.842623,8708.146822,16501.00738,109.3887977,12.12500184,0,0
42322,100,3,2019/11/27 5:38:44,Diesel,11962.89033,11998.06081,26055.32506,102.7976545,11.39855799,0,0
42327,100,1,2019/11/27 6:37:55,Silver,15840.7,15918.6,31663.1,87.8273,11.1022,0,0
42327,100,2,2019/11/27 6:37:55,Silver,10266.8,10283.4,18887.7,92.5945,13.7266,0,0
42327,100,3,2019/11/27 6:37:55,Platinum,14881.3,14902.7,4350.54,168.67,13.8624,0,0
42327,100,4,2019/11/27 6:37:55,Diesel,9820.05,9837.28,13935.7,105.094,13.4293,0,0
42327,101,1,2019/11/27 6:37:55,Silver,26107.5,26202,50550.8,,,,0
42334,100,1,2019/11/27 5:40:19,Regular,45300.46132,45536.76752,49947.48868,139.5890253,10.86369807,0,0
42334,100,2,2019/11/27 5:40:19,Super,10485.35785,10523.9693,8632.442152,156.1413087,12.06546305,0,0
42334,100,3,2019/11/27 5:40:19,Diesel,33392.29008,33474.33304,23815.75992,163.7763865,11.99070097,0,0
42337,100,1,2019/11/27 5:30:14,Silver,17878.7819,18059.20639,20932.5181,110.6855772,6.985772555,0,0
42337,100,2,2019/11/27 5:30:14,Silver,18265.59405,18439.88761,20545.70595,112.4681443,7.42337221,0,0
42337,100,3,2019/11/27 5:30:14,Platinum,11031.24197,11115.23921,8200.558026,131.1021126,8.172617946,0,0
42337,100,4,2019/11/27 5:30:14,Diesel,12618.95733,12691.79315,6612.842668,146.4393827,7.923237956,0,0
42341,100,1,2019/11/27 6:24:39,Regular,9699.599998,9788.538175,34464,61.67731928,7.720332247,0,0
42341,100,2,2019/11/27 6:24:39,Regular,9110.11998,9198.065177,35053.48002,59.01012545,7.334653765,0,0
42341,100,3,2019/11/27 6:24:39,Super,5359.783509,5400.009096,38803.81649,40.78001756,9.012061845,0,0
42341,100,4,2019/11/27 6:24:39,Diesel,7804.79865,7834.561963,13824.80135,88.33827988,10.32727618,0,0
42342,100,1,2019/11/27 6:16:40,Regular,18672.58359,18859.19975,16198.11641,118.9642948,7.62800851,0,0
42342,100,2,2019/11/27 6:16:40,Regular,12925.88432,13058.78948,8703.715684,129.7517302,7.398844227,0,0
42342,100,3,2019/11/27 6:16:40,Product 2,12963.07024,13021.41649,8666.529762,130.0515201,11.99140409,0,0
42347,100,1,2019/11/27 5:27:46,Silver,32864.6,33238.3,10342.9,159.495,5.97522,0,0
42347,100,2,2019/11/27 5:27:46,Silver,14433.1,14610.8,7163.95,129.237,5.22041,0,0
42347,100,3,2019/11/27 5:27:46,Silver,15436.5,15644.3,6160.48,136.864,4.30812,0,0
42347,100,4,2019/11/27 5:27:46,Platinum,12238.3,12365.4,9358.72,112.917,5.67704,0,0
42347,100,5,2019/11/27 5:27:46,Diesel,11065.1,11135,10531.9,104.279,7.25334,0,0
42347,101,1,2019/11/27 5:27:46,Silver,62734.2,63493.4,23667.33,,,,0
42360,100,1,2019/11/27 5:31:12,Silver,24678.2,24978.2,9892.78,150.833,5.34878,0,0
42360,100,2,2019/11/27 5:31:12,Silver,24608.3,24917.3,9962.62,150.464,5.03133,0,0
42360,100,3,2019/11/27 5:31:12,Silver,24902.1,25170.2,9668.84,152.02,6.45614,0,0
42360,100,4,2019/11/27 5:31:12,Platinum,8435.71,8490.9,17494.6,81.6958,9.78636,0,0
42360,100,5,2019/11/27 5:31:12,Diesel,12091.6,12177.6,13838.7,106.965,8.62262,0,0
42360,101,1,2019/11/27 5:31:12,Silver,74188.6,75065.7,29524.24,,,,0
42367,100,1,2019/11/27 5:30:04,Silver,34286.3,34713.9,13217.5,157.989,5.0997,0,0
42367,100,2,2019/11/27 5:30:04,Silver,21374.1,21642.7,7780.42,159.6,5.0221,0,0
42367,100,3,2019/11/27 5:30:04,Platinum,13552.4,13682.5,5679.42,155.626,7.34392,0,0
42367,100,4,2019/11/27 5:30:04,Diesel,13740.4,13849.5,10015.3,131.487,7.8783,0,0
42367,101,1,2019/11/27 5:30:04,Silver,55660.4,56356.6,20997.92,,,,0
42369,100,1,2019/11/27 5:31:55,Regular,23024.16182,23284.9831,21139.43818,116.5014614,6.000167593,0,0
42369,100,2,2019/11/27 5:31:55,Regular,23558.25616,23803.99951,20605.34384,118.6082974,6.715054651,0,0
42369,100,3,2019/11/27 5:31:55,Super,12773.30101,12878.57064,31390.29899,75.10166565,8.423079987,0,0
42369,100,4,2019/11/27 5:31:55,Diesel,11911.83159,11960.83609,32251.76841,71.42541258,9.958635506,0,0
42379,100,1,2019/11/27 6:30:50,Silver,23574.1,23789.7,24197,111.679,7.74513,0,0
42379,100,2,2019/11/27 6:30:50,Silver,9308.23,9411.82,9257.62,113.084,6.16787,0,0
42379,100,3,2019/11/27 6:30:50,Diesel,8978.46,9004.85,10347.4,90.8501,11.4003,0,0
42379,100,4,2019/11/27 6:30:50,Platinum,18124.1,18145.4,9099.1,141.808,13.9443,0.026768,0.039777
42383,100,1,2019/11/27 5:32:59,Silver,23626.1,23858.6,14392.5,140.518,7.19455,0,0
42383,100,2,2019/11/27 5:32:59,Silver,24428.7,24642,13589.9,144.443,8.07585,0,0
42383,100,3,2019/11/27 5:32:59,Platinum,17994.9,18030.6,5755.39,166.382,13.4246,0,0
42383,100,4,2019/11/27 5:32:59,Diesel,19997,20102.5,3753.34,183.47,10.2725,0,0
42383,101,1,2019/11/27 5:32:59,Silver,48054.8,48500.6,27982.4,,,,0
42387,100,1,2019/11/27 5:34:14,Regular,60980.52839,61293.98303,34472.62161,176.5479061,10.92418613,0,0
42387,100,2,2019/11/27 5:34:14,Super,15518.95507,15582.83037,9656.994927,171.7082288,11.71952876,0,0
42387,100,3,2019/11/27 5:34:14,Diesel,7516.458625,7533.427878,31439.24138,73.65309219,12.23501565,0,0
42389,100,1,2019/11/27 5:36:31,EREG,4812.308278,4876.99282,90435.64172,28.62982682,4.313949251,0,0
42389,100,2,2019/11/27 5:36:31,SUPREME,8561.208719,8625.565214,10556.59128,133.305276,8.260034467,0,0
42389,100,3,2019/11/27 5:36:31,DIESEL,30300.04782,30486.15416,8614.700645,208.2635543,7.468511529,0.0600796819,0.1015361645
42400,100,1,2019/11/27 5:32:03,Silver,35551.1,35930,11952.7,163.048,6.5432,0,0
42400,100,2,2019/11/27 5:32:03,Silver,36069.1,36452.7,11434.7,165.145,6.56175,0,0
42400,100,3,2019/11/27 5:32:03,Platinum,11882.9,11943.3,7348.87,139.302,10.4473,0,0
42400,100,4,2019/11/27 5:32:03,Diesel,8420.7,8452.73,20733.9,79.5875,10.3411,0,0
42400,101,1,2019/11/27 5:32:03,Silver,71620.2,72382.7,23387.4,,,,0
42402,100,1,2019/11/27 5:33:49,Silver,19029.3,19231.1,28474.5,99.7239,6.58486,0,0
42402,100,2,2019/11/27 5:33:49,Silver,19151.9,19360,28351.9,100.195,6.37559,0,0
42402,100,3,2019/11/27 5:33:49,Platinum,10785.3,10842.5,8446.47,128.749,10.2505,0,0
42402,100,4,2019/11/27 5:33:49,Diesel,12080.8,12140,17073.8,102.574,8.99423,0,0
42402,101,1,2019/11/27 5:33:49,Silver,38181.2,38591.1,56826.4,,,,0
42403,100,1,2019/11/27 5:33:32,Silver,16722.4,16850,30781.4,90.8227,8.94646,0,0
42403,100,2,2019/11/27 5:33:32,Silver,16821.7,16979.9,30682.1,91.2208,7.53648,0,0
42403,100,3,2019/11/27 5:33:32,Platinum,6468.23,6478.02,12763.6,86.9137,13.6448,0,0
42403,100,4,2019/11/27 5:33:32,Diesel,6509.44,6529.58,22645.1,66.5242,11.2116,0,0
42403,101,1,2019/11/27 5:33:32,Silver,33544.1,33829.9,61463.5,,,,0
42421,100,1,2019/11/27 5:50:00,SUPREME,12127.14063,12176.3457,12878.86035,119.6515015,11.58995056,0,0
42421,100,2,2019/11/27 5:50:00,REG STP,34954.47656,35223.21094,15049.52637,160.6734131,8.874126434,0,0
42421,100,3,2019/11/27 5:50:00,REG SYPHON,34651.67578,34965.83203,15352.32617,159.4612793,7.771055222,0,0
42421,100,4,2019/11/27 5:51:00,DIESEL,28236.10156,28376.14648,21767.90234,134.6141846,8.799058914,0,0
42421,101,2,2019/11/27 5:50:00,"REG STP, REG SYPHON",69606.15234,70189.04297,30401.85254,,,,0
42421,102,2,2019/11/27 5:50:00,"REG STP, REG SYPHON",69606.15234,70189.04297,30401.85254,,,,0
42436,100,1,2019/11/27 5:52:36,Regular,39038.80466,39470.81282,56420.99534,124.7131307,6.209036622,0,0
42436,100,2,2019/11/27 5:52:36,Platinum,18702.69034,18819.71628,6475.159664,201.2847147,9.391689404,0,0
42436,100,3,2019/11/27 5:52:36,Diesel,33815.75603,33959.35887,5141.843967,231.1843006,9.795822875,0,0
42441,100,1,2019/11/27 5:39:00,EREG,14802.00293,14897.17773,50607.86719,68.48075562,9.896923065,0,0
42441,100,2,2019/11/27 5:39:00,EREG,14877.36328,14984.04785,50532.16797,68.72788696,9.308821678,0,0
42441,100,3,2019/11/27 5:39:00,EPLUS,10035.80859,10091.6084,24970.96484,81.7973938,10.58719254,0,0
42441,100,4,2019/11/27 5:39:00,DIESL,9296.697266,9327.424805,15711.04004,98.78244629,10.91954327,0,0
42441,101,1,2019/11/27 5:39:00,EREG,29679.36621,29881.22559,101140.0352,,,,0
42441,102,1,2019/11/27 5:39:00,EREG,29679.36621,29881.22559,101140.0352,,,,0
42448,100,1,2019/11/27 5:38:34,Silver,17298.5,17461.9,30267.1,94.3527,7.51038,0,0
42448,100,2,2019/11/27 5:38:34,Silver,11083.5,11169,17455.9,99.0792,8.08476,0,0
42448,100,3,2019/11/27 5:38:34,Platinum,13568,13665,5504.9,159.982,8.59047,0,0
42448,101,1,2019/11/27 5:38:34,Silver,28382,28630.9,47723,,,,0
42459,100,1,2019/11/27 5:43:26,Silver,57108.92416,57453.63098,38350.87584,167.3637338,10.21262293,0,0
42459,100,2,2019/11/27 5:43:26,Platinum,13269.87663,13334.38079,11907.97337,151.3611739,10.64501677,0,0
42459,100,3,2019/11/27 5:43:26,Diesel,10673.0791,10711.32949,28284.5209,93.96129652,10.60897709,0,0
4315,100,1,2019/11/27 5:37:00,ORDINAIRE 65K,42151.40234,42541.19531,23257.24414,150.0944946,7.660793781,0,0
4315,100,2,2019/11/27 5:37:00,ORDINAIRE 25K,16110.31738,16258.56738,8897.040039,149.1319702,7.696619987,0,0
4315,100,3,2019/11/27 5:37:00,SUPER,10666.48438,10752.98145,4453.870605,162.9739502,8.564109802,0,0
4315,100,4,2019/11/27 5:37:00,DIESEL,16457.6582,16546.89063,8661.819336,152.8350342,8.306265831,0,0
4315,101,1,2019/11/27 5:37:00,"ORDINAIRE 65K, ORDINAIRE 25K",58261.71973,58799.7627,32154.28418,,,,0
4315,102,1,2019/11/27 5:37:00,"ORDINAIRE 65K, ORDINAIRE 25K",58261.71973,58799.7627,32154.28418,,,,0
4316,100,1,2019/11/27 5:45:00,ORDINAIRE,3956.623535,3987.900391,30806.67773,42.86590576,8.726179123,0,0
4316,100,2,2019/11/27 5:45:00,SUPER,3163.30835,3185.624756,6566.740234,90.31580811,9.400910378,0,0
4316,100,3,2019/11/27 5:45:00,DIESEL,4407.048828,4423.707031,5325.260254,115.9104858,10.33351898,0,0
4317,100,1,2019/11/27 5:43:00,ORDINAIRE 65K,27880.69531,28108.60352,37526.69531,108.4046631,8.512384415,0,0
4317,100,2,2019/11/27 5:43:00,ORDINAIRE 25K,10524.49707,10600.49023,14479.91504,107.9148804,9.269332886,0,0
4317,100,3,2019/11/27 5:43:00,SUPER 20K,11121.28027,11204.16113,9123.670898,131.9922363,9.085365295,0,0
4317,100,4,2019/11/27 5:43:00,DIESEL 20K,9283.966797,9322.34668,10959.39551,114.3825195,9.896401405,0,0
4317,101,1,2019/11/27 5:43:00,"ORDINAIRE 65K, ORDINAIRE 25K",38405.19238,38709.09375,52006.61035,,,,0
4317,102,1,2019/11/27 5:43:00,"ORDINAIRE 65K, ORDINAIRE 25K",38405.19238,38709.09375,52006.61035,,,,0
44,100,1,2019/11/27 5:38:22,Silver,32962,33217.1,15035.2,154.779,8.86467,0,0
44,100,2,2019/11/27 5:38:22,Platinum,12464.1,12495.6,7032.71,141.992,12.7434,0,0
44,100,3,2019/11/27 5:38:22,Silver,19000.2,19040.5,28997.1,100.253,13.3217,0,0
44,100,4,2019/11/27 5:38:22,Diesel,9781.31,9799.25,9715.54,118.687,12.7556,0,0
45,100,1,2019/11/27 5:39:02,Regular,57080.69234,57629.04356,38167.25766,167.3782861,7.372067082,0,0
45,100,2,2019/11/27 5:39:02,Premium,6969.057496,7009.959205,12148.7425,114.1140193,9.740500443,0,0
45,100,3,2019/11/27 5:39:02,Diesel,28381.84177,28552.80323,10533.00823,196.5289854,7.614079865,0,0
53,100,1,2019/11/27 5:36:32,Silver,21325.6,21558.6,73922.4,80.3987,6.32621,0,0
53,100,2,2019/11/27 5:36:32,Platinum,10679.2,10748.3,13076.5,108.971,9.84508,0,0
53,100,3,2019/11/27 5:36:32,Diesel,12197.3,12301.8,11558.4,120.149,7.31388,0,0
6,100,1,2019/11/27 6:37:46,Silver,35384.1,35672.6,12384.7,155.482,8.53427,0,0
6,100,2,2019/11/27 6:37:46,Platinum,13754.3,13768,10158.1,125.951,14.1066,0,0
627,100,1,2019/11/27 6:38:37,Silver,15122.4,15258.9,32648.5,80.1828,7.83982,0,0
627,100,2,2019/11/27 6:38:37,Silver,10140.3,10223.4,19014.3,91.4186,8.50377,0,0
627,100,3,2019/11/27 6:38:37,Platinum,14987.4,15075.1,4244.44,170.173,9.7517,0,0
627,100,4,2019/11/27 6:38:37,Diesel,21253.7,21333.3,6430.58,160.37,10.4156,0,0
627,101,1,2019/11/27 6:38:37,Silver,25262.7,25482.3,51662.8,,,,0
630,100,1,2019/11/27 7:28:17,Silver,37113.1,37541.8,7050.46,174.542,5.83115,0,0
630,100,2,2019/11/27 7:28:17,Silver,18009.3,18217.2,3620.26,172.751,5.84057,0,0
630,100,3,2019/11/27 7:28:17,Platinum,12772.1,12830.7,8857.55,128.6,10.8841,0,0
630,100,4,2019/11/27 7:28:17,Diesel,18310.6,18411.6,3318.99,175.539,8.24404,0,0
630,101,1,2019/11/27 7:28:17,Silver,55122.4,55759,10670.72,,,,0
632,100,1,2019/11/27 6:37:36,Silver,27675.6,27977.1,20095.5,126.673,6.355,0,0
632,100,2,2019/11/27 6:37:36,Silver,11125.1,11244.9,7440.79,130.041,6.45425,0,0
632,100,3,2019/11/27 6:37:36,Platinum,25527.2,25720.8,1646.48,195.327,8.95599,0,0
632,101,1,2019/11/27 6:37:36,Silver,38800.7,39222,27536.29,,,,0
633,100,1,2019/11/27 5:17:03,Regular,12471.02211,12595.0555,9446.79264,112.7547804,7.101937787,0,0
633,100,2,2019/11/27 5:17:03,Regular,9501.503175,9606.159616,12416.31158,91.27188798,6.250053461,0,0
633,100,3,2019/11/27 5:17:03,Regular,9903.377637,10001.32581,12014.43712,94.19526597,7.146027653,0,0
633,100,4,2019/11/27 5:17:03,Super,14457.087,14548.9676,7460.727758,127.2262079,9.93115398,0,0
634,100,1,2019/11/27 5:45:43,Silver,33690.96756,34014.79737,61768.83244,111.8314771,7.36791336,0,0
634,100,2,2019/11/27 5:45:43,Platinum,15502.92351,15538.01696,9674.926487,171.5632464,12.97357164,0,0
634,100,3,2019/11/27 5:45:43,Diesel,20018.29314,20087.96043,18939.3116,148.4516211,10.73609393,0.0307297476,-0.004737822769
7,100,1,2019/11/27 5:39:47,Regular,31064.73856,31422.61694,12202.06144,157.2339625,5.846868493,0,0
7,100,2,2019/11/27 5:39:47,Regular,29848.31683,30199.32375,13418.48317,151.9688554,5.656038458,0,0
7,100,3,2019/11/27 5:39:47,Supreme,18282.60849,18425.19061,1214.24151,201.1575397,8.006965949,0,0
7,100,4,2019/11/27 5:39:47,diesel,12965.65964,13020.50489,6255.612259,149.829701,9.816171799,0,0
70,100,1,2019/11/27 5:39:54,Regular,58009.80746,58302.58994,37238.14254,169.5806987,10.9981516,0,0
70,100,2,2019/11/27 5:39:54,Super,10448.29295,10496.58392,8669.507051,155.7015307,11.31571694,0,0
70,100,3,2019/11/27 5:39:54,Diesel,8189.259178,8210.227035,30725.59082,77.79785278,11.86387465,0,0
73,100,1,2019/11/27 5:37:19,Silver,22059.4,22251.7,11189.9,150.764,8.0884,0,0
73,100,2,2019/11/27 5:37:19,Platinum,15827,15898.3,17422.4,115.607,11.4114,0,0
73,100,3,2019/11/27 5:37:19,Diesel,13232.3,13295,10550.5,130.61,10.7533,0,0
8,100,1,2019/11/27 5:40:04,Regular,19329.0151,19480.03068,19482.2849,117.3509783,8.799830601,0,0
8,100,2,2019/11/27 5:40:04,Regular,18268.85898,18412.33961,20542.44102,112.4742148,8.767260268,0,0
8,100,3,2019/11/27 5:40:04,Super,14738.7417,14852.02778,4493.058297,167.6060785,8.867141167,0,0
8,100,4,2019/11/27 5:40:04,Diesel,13627.13527,13687.64129,5604.664728,156.3683426,9.558379525,0,0
81,100,1,2019/11/27 5:39:59,Regular,60042.14657,60536.53447,35411.00343,174.3132852,8.464746857,0,0
81,100,2,2019/11/27 5:39:59,Super,5660.075649,5666.786437,19515.87435,80.03138539,14.05587978,0,0
81,100,3,2019/11/27 5:39:59,Diesel,14745.65829,14780.86063,24210.04171,118.3479984,12.07606479,0,0
82,100,1,2019/11/27 5:35:45,Silver,19110.4,19165.8,3856.41,182.505,12.702,0,0
82,100,2,2019/11/27 5:35:45,Silver,18628.6,18719.9,4338.13,178.149,11.1186,0,0
82,100,3,2019/11/27 5:35:45,Silver,20415.5,20464,2551.25,194.841,13.1194,0,0
82,100,4,2019/11/27 5:35:45,Platinum,15963.9,15915.4,7002.85,155.26,17.7139,0,0
82,100,5,2019/11/27 5:35:45,Diesel,10893.8,10881.4,12073,114.14,16.396,0,0
82,101,1,2019/11/27 5:35:45,Silver,58154.5,58349.7,10745.79,,,,0
84,100,1,2019/11/27 6:39:32,Silver,55295.4,56005.4,39750.1,164.053,4.80364,0,0
84,100,2,2019/11/27 6:39:32,Platinum,12700.9,12724.4,6308.41,149.232,13.345,0,0
84,100,3,2019/11/27 6:39:32,Diesel,5657.65,5673.08,22856.3,59.9304,11.6608,0,0
849,100,1,2019/11/27 7:29:46,Silver,24883.90042,25032.41548,46617.69958,110.7144703,10.26638205,0,22
849,100,2,2019/11/27 7:29:46,Platinum,8475.306432,8512.593239,16411.36232,108.4806949,11.05924692,0.0680178743,7.131245587
849,100,3,2019/11/27 7:29:46,Diesel,29225.53313,29346.41448,18477.06834,170.1616878,9.931371161,0.0292319542,13.99853291
86,100,1,2019/11/27 5:40:12,Regular,13394.19731,13492.44715,34114.35269,77.32243167,9.17972789,0,0
86,100,2,2019/11/27 5:40:12,Regular,15106.6506,15220.94265,32401.8994,84.24587637,8.99646104,0,0
86,100,3,2019/11/27 5:40:12,Super,12707.89092,12765.84925,34800.65908,74.49624082,10.91428804,0,0
86,100,4,2019/11/27 5:40:12,Diesel,12717.32338,12753.07932,11049.77662,123.7601762,11.55595157,0,0
9,100,1,2019/11/27 5:37:40,Silver,23295,23460.8,24473.9,110.658,9.3574,0,0
9,100,2,2019/11/27 5:37:40,Silver,8950.81,9022.1,9615.04,109.746,8.68525,0,0
9,100,3,2019/11/27 5:37:40,Platinum,11135.6,11142.1,16087.6,96.9241,14.4753,0,0
9,101,1,2019/11/27 5:37:40,Silver,32245.81,32482.9,34088.94,,,,0
92,100,1,2019/11/27 6:38:23,Silver,17817.3,17980.1,27234.8,96.2001,7.75207,0,0
92,100,2,2019/11/27 6:38:23,Silver,10110.7,10209.4,11940.4,107.173,7.25652,0,0
92,100,3,2019/11/27 6:38:23,Platinum,16808,16915.4,5243.03,162.011,9.27292,0,0
92,100,4,2019/11/27 6:38:23,Diesel,16944.3,17004,5112.97,163.109,10.6847,0,0
92,101,1,2019/11/27 6:38:23,Silver,27928,28189.5,39175.2,,,,0